,Show startmenu,,Desktop icon,,Switch the desktop,,Resize the taskbar,,Show and update the clock,,Search for program,,Manage quick launch items,,Taskbar settings,,Change window size,,Show desktop,,"Manage file sytem, drive, directories and files",,Run... dialog,,Drag and drop,,Manage tray icons,,Persistent user state,,General Purpose Code,
BackgroundWindow::BackgroundWindow,1,6,1,6,4,3,2,5,0,7,0,8,0,8,0,8,2,5,3,3,0,8,0,8,0,3,0,8,0,8,1,6
BackgroundWindow::DrawDesktopBkgnd,1,5,1,4,3,3,1,4,1,6,0,6,0,6,0,6,2,4,5,0,0,7,0,6,0,5,0,6,0,7,1,6
BackgroundWindow::WndProc,1,5,1,4,3,3,1,5,1,6,0,7,0,7,0,7,2,4,4,1,1,6,0,7,0,5,2,5,0,7,2,5
Bookmark::Bookmark,0,1,0,1,0,1,0,1,0,1,0,1,0,1,0,1,0,1,0,1,0,1,0,1,0,1,0,1,0,1,0,1
Bookmark::read,0,1,0,1,0,1,0,1,0,1,0,1,0,1,0,1,0,1,0,1,0,1,0,1,0,1,0,1,0,1,0,1
Bookmark::read_url,0,1,0,1,0,1,0,1,0,1,0,1,0,1,0,1,0,1,0,1,0,1,0,1,0,1,0,1,0,1,0,1
Bookmark::write,0,1,0,1,0,1,0,1,0,1,0,1,0,1,0,1,0,1,0,1,0,1,0,1,0,1,0,1,0,1,0,1
BookmarkFolder::read,0,0,0,0,0,0,0,0,0,0,0,0,0,0,0,0,0,0,0,0,0,0,0,0,0,0,0,0,0,0,0,0
BookmarkFolder::write,0,0,0,0,0,0,0,0,0,0,0,0,0,0,0,0,0,0,0,0,0,0,0,0,0,0,0,0,0,0,0,0
BookmarkList::fill_tree,0,1,0,1,0,1,0,1,0,1,0,1,0,1,0,1,0,1,0,1,0,1,0,1,0,1,0,1,0,1,0,1
BookmarkList::import_IE_favorites,0,1,0,1,0,1,0,1,0,1,0,1,0,1,0,1,0,1,0,1,0,1,0,1,0,1,0,1,0,1,0,1
BookmarkList::read,0,1,0,1,0,1,0,1,0,1,0,1,0,1,0,1,0,1,0,1,0,1,0,1,0,1,0,1,0,1,0,1
BookmarkList::write,0,1,0,1,0,1,0,1,0,1,0,1,0,1,0,1,0,1,0,1,0,1,0,1,0,1,0,1,0,1,0,1
BookmarkNode::BookmarkNode,0,3,0,3,0,3,0,3,0,3,0,3,1,2,0,3,0,3,0,3,2,1,0,3,0,3,0,3,0,3,0,3
BookmarkNode::clear,0,3,0,3,0,3,0,3,0,3,0,3,0,3,0,3,0,3,0,3,1,2,0,3,0,3,0,3,0,3,1,2
BookmarkNode::operator=,0,3,0,3,0,3,0,3,0,3,0,3,1,2,0,3,0,3,0,3,0,2,0,3,0,3,0,3,0,3,1,2
BookmarkNode::~BookmarkNode,0,3,0,3,0,3,0,3,0,3,0,3,1,2,0,3,0,3,0,3,2,1,0,3,0,3,0,3,0,3,0,3
BrowseMenu::AddEntries,1,0,0,1,0,1,0,1,0,1,0,1,0,1,0,1,0,1,0,1,0,1,0,1,0,1,0,1,0,1,0,1
BrowseMenu::BrowseMenu,1,0,0,1,0,1,0,1,0,1,0,1,0,1,0,1,0,1,0,1,0,1,0,1,0,1,0,1,0,1,0,1
BrowserCallback::entry_selected,0,2,0,2,0,2,0,2,0,2,0,2,0,2,0,2,0,2,0,2,0,2,0,2,0,2,0,2,0,2,1,1
BrowserCallback::~BrowserCallback,0,2,0,2,0,2,0,2,0,2,0,2,0,2,0,2,0,2,0,2,0,2,0,2,0,2,0,2,0,2,1,1
BrowserNavigator::attach,0,4,0,4,0,4,0,4,0,4,0,4,0,4,0,4,0,4,0,4,0,4,0,4,0,4,0,4,0,4,1,3
BrowserNavigator::BrowserNavigator,0,5,1,4,0,5,0,5,0,5,1,4,0,5,0,5,0,4,1,4,0,5,0,5,1,4,0,5,0,5,1,3
BrowserNavigator::get_browser,0,3,0,3,0,3,0,3,0,3,0,3,0,3,0,3,0,3,0,3,0,3,0,3,0,3,0,3,0,3,0,3
BrowserNavigator::goto_url,0,4,0,4,0,4,0,4,0,4,0,4,0,4,0,4,0,4,0,4,0,4,0,4,0,4,0,4,0,4,1,3
BrowserNavigator::navigated,0,4,0,4,0,4,0,4,0,4,0,4,0,4,0,4,0,4,0,4,0,4,0,4,0,4,0,4,0,4,1,3
BrowserNavigator::set_html_page,0,4,0,4,0,4,0,4,0,4,0,4,0,4,0,4,0,4,0,4,0,4,0,4,0,4,0,4,0,3,2,2
BtnWindowClass::BtnWindowClass,2,2,1,3,1,3,1,3,1,3,0,4,0,4,1,3,0,4,1,3,0,4,0,4,0,4,0,4,0,4,2,2
Button::Button,1,3,0,4,0,4,0,4,0,4,0,4,0,4,0,4,0,4,0,4,0,4,0,4,0,4,0,4,0,4,2,2
ChildWindow::ChildWindow,1,7,0,8,0,7,0,8,2,6,2,6,2,6,0,7,2,6,0,7,3,5,2,6,1,7,1,7,0,8,4,4
ChildWindow::create,1,7,0,8,0,8,0,8,2,6,2,6,2,6,1,7,0,8,0,8,3,5,2,6,0,8,1,7,0,8,3,3
ChildWindow::go_to,0,8,0,8,0,7,0,8,0,8,0,7,0,8,0,8,0,8,0,8,0,8,0,7,0,8,0,8,0,7,4,3
ChildWindow::jump_to_int,0,7,0,7,0,6,0,7,0,7,0,7,0,7,0,7,0,7,0,7,0,7,0,7,0,7,0,7,0,7,2,3
ChildWindow::resize_children,0,7,0,8,1,7,1,6,0,7,0,7,0,8,0,8,7,1,1,7,1,6,0,7,0,7,0,8,0,8,1,7
ChildWindow::set_url,0,7,0,8,0,8,0,8,0,7,0,7,0,8,0,8,0,8,1,6,1,7,0,7,1,7,0,8,0,8,4,3
ChildWindow::WndProc,0,7,0,8,0,6,0,7,0,7,0,7,0,6,0,7,2,4,0,7,1,6,0,7,0,5,0,7,0,8,3,5
ChildWndInfo::ChildWndInfo,0,1,0,1,0,1,0,1,0,1,0,1,0,1,0,1,0,1,0,1,0,1,0,1,0,1,0,1,0,1,1,0
ClockWindow::ClockWindow,0,9,1,8,0,9,0,9,6,3,0,9,0,9,0,9,1,7,0,9,0,9,0,9,1,8,2,7,0,9,1,8
ClockWindow::Create,0,7,0,7,0,7,0,7,6,1,0,7,0,7,0,7,0,7,0,7,0,7,0,7,0,7,0,7,0,7,1,6
ClockWindow::FormatTime,0,7,0,7,0,7,0,7,5,2,0,7,0,7,0,7,0,6,0,6,1,6,0,7,0,7,0,7,0,7,2,5
ClockWindow::Notify,0,7,0,7,0,7,0,7,4,2,0,7,0,7,0,7,0,7,0,7,0,7,0,7,0,7,0,7,0,7,1,6
ClockWindow::Paint,0,7,0,7,0,7,0,7,5,1,0,7,0,7,0,7,1,6,0,7,0,7,0,7,0,7,0,7,0,7,1,6
ClockWindow::TimerTick,0,7,0,7,0,7,0,7,5,1,0,7,0,7,0,7,0,7,0,7,0,7,0,7,0,7,0,7,0,7,1,6
ClockWindow::WndProc,0,6,0,6,0,6,0,6,4,1,0,6,0,5,0,6,0,5,0,6,0,6,0,6,0,5,0,5,0,6,1,5
CollectProgramsThread::CollectProgramsThread,0,2,0,2,0,2,0,2,0,2,0,1,0,2,0,2,0,2,1,1,0,2,1,1,0,2,0,2,0,2,2,0
CollectProgramsThread::collect_programs,0,2,0,2,0,2,0,2,0,2,1,1,0,2,0,2,0,2,0,2,1,1,0,2,0,2,0,2,0,2,2,0
CollectProgramsThread::free_dirs,0,2,0,2,0,2,0,2,0,2,1,1,0,2,0,2,0,2,0,2,0,1,0,2,0,2,0,2,0,2,1,0
CollectProgramsThread::Run,0,2,0,2,0,2,0,2,0,2,1,1,0,2,0,2,0,2,0,2,0,2,0,1,0,2,0,2,0,2,2,0
CollectProgramsThread::~CollectProgramsThread,0,2,0,2,0,2,0,2,0,2,1,1,0,2,0,2,0,2,0,2,0,2,0,2,0,2,0,2,0,2,1,0
ColorStatic::ColorStatic,0,4,0,4,0,4,0,4,0,4,0,4,0,4,0,4,0,4,0,4,0,4,0,4,0,4,0,4,0,4,2,2
ColorStatic::WndProc,0,3,0,3,0,3,0,3,0,3,0,3,0,3,0,3,0,3,0,3,0,3,0,3,0,3,0,3,0,3,2,1
COMException::COMException,0,0,0,0,0,0,0,0,0,0,0,0,0,0,0,0,0,0,0,0,0,0,0,0,0,0,0,0,0,0,0,0
COMException::toString,0,0,0,0,0,0,0,0,0,0,0,0,0,0,0,0,0,0,0,0,0,0,0,0,0,0,0,0,0,0,0,0
COMExceptionBase::COMExceptionBase,0,0,0,0,0,0,0,0,0,0,0,0,0,0,0,0,0,0,0,0,0,0,0,0,0,0,0,0,0,0,0,0
COMExceptionBase::Error,0,0,0,0,0,0,0,0,0,0,0,0,0,0,0,0,0,0,0,0,0,0,0,0,0,0,0,0,0,0,0,0
COMExceptionBase::ErrorMessage,0,0,0,0,0,0,0,0,0,0,0,0,0,0,0,0,0,0,0,0,0,0,0,0,0,0,0,0,0,0,0,0
ComInit::ComInit,0,0,0,0,0,0,0,0,0,0,0,0,0,0,0,0,0,0,0,0,0,0,0,0,0,0,0,0,0,0,0,0
ComInit::~ComInit,0,0,0,0,0,0,0,0,0,0,0,0,0,0,0,0,0,0,0,0,0,0,0,0,0,0,0,0,0,0,0,0
CommonDesktop::CommonDesktop,0,2,0,2,1,0,0,2,1,1,0,2,0,2,0,2,0,2,0,2,0,2,0,2,0,2,0,2,0,2,0,2
CommonDesktop::init,0,2,0,2,1,0,0,2,1,1,0,2,0,2,0,2,0,2,0,2,0,2,0,2,0,2,0,2,0,2,0,2
CommonDesktop::operator ShellFolder,0,2,0,2,1,0,0,2,1,1,0,2,0,2,0,2,0,2,0,2,0,2,0,2,0,2,0,2,0,2,0,2
CommonDesktop::~CommonDesktop,0,2,0,2,1,0,0,2,1,1,0,2,0,2,0,2,0,2,0,2,0,2,0,2,0,2,0,2,0,2,0,2
CommonShellMalloc::CommonShellMalloc,0,1,0,1,0,1,0,1,0,1,0,1,0,1,0,1,0,1,0,1,0,1,0,1,0,1,0,1,0,1,1,0
CommonShellMalloc::init,0,1,0,1,0,1,0,1,0,1,0,1,0,1,0,1,0,1,0,1,0,1,0,1,0,1,0,1,0,1,1,0
CommonShellMalloc::operator IMalloc *,0,0,0,0,0,0,0,0,0,0,0,0,0,0,0,0,0,0,0,0,0,0,0,0,0,0,0,0,0,0,0,0
CommonShellMalloc::~CommonShellMalloc,0,0,0,0,0,0,0,0,0,0,0,0,0,0,0,0,0,0,0,0,0,0,0,0,0,0,0,0,0,0,0,0
ConnectionPoint::ConnectionPoint,0,2,0,2,0,2,0,2,0,2,0,2,0,2,0,2,0,2,0,2,0,2,0,2,0,2,0,2,0,2,1,1
CtlColorParent::CtlColorParent,0,0,0,0,0,0,0,0,0,0,0,0,0,0,0,0,0,0,0,0,0,0,0,0,0,0,0,0,0,0,0,0
CtlColorParent::WndProc,0,0,0,0,0,0,0,0,0,0,0,0,0,0,0,0,0,0,0,0,0,0,0,0,0,0,0,0,0,0,0,0
CtxMenuInterfaces::CtxMenuInterfaces,0,1,0,1,0,1,0,1,0,1,0,1,0,1,1,0,0,1,0,1,0,1,0,1,0,1,0,1,0,1,0,0
CtxMenuInterfaces::HandleMenuMsg,0,0,0,0,0,0,0,0,0,0,0,0,0,0,0,0,0,0,0,0,0,0,0,0,0,0,0,0,0,0,0,0
CtxMenuInterfaces::query_interfaces,0,0,0,0,0,0,0,0,0,0,0,0,0,0,0,0,0,0,0,0,0,0,0,0,0,0,0,0,0,0,0,0
CtxMenuInterfaces::reset,0,1,0,1,0,1,0,1,0,1,0,1,0,1,0,1,0,1,0,1,0,1,0,1,0,1,0,1,0,1,0,0
DesktopBar::Command,2,0,0,2,0,2,0,2,0,2,0,2,0,2,1,1,0,2,1,1,0,2,0,2,0,2,1,1,0,2,1,1
DesktopBar::ControlResize,1,1,0,2,0,2,0,2,0,2,0,2,0,2,1,1,0,2,1,1,0,2,0,2,0,2,1,1,0,2,0,2
DesktopBar::Create,1,1,0,2,1,1,0,2,0,2,0,2,0,2,1,1,0,2,1,1,0,2,0,2,0,2,1,1,0,2,0,2
DesktopBar::DesktopBar,1,1,0,2,1,1,0,2,0,2,0,2,0,2,1,1,0,2,1,1,0,2,0,2,0,2,1,1,0,2,0,2
DesktopBar::Init,1,1,0,2,0,2,0,2,0,2,0,2,0,2,1,1,0,2,1,1,0,2,0,2,0,2,1,1,0,2,1,1
DesktopBar::Notify,1,1,0,2,1,1,0,2,0,2,0,2,0,2,1,1,0,2,1,1,0,2,0,2,0,2,1,1,0,2,0,2
DesktopBar::ProcessCopyData,1,1,0,2,0,2,0,2,0,2,0,2,0,2,1,1,0,2,1,1,0,2,0,2,0,2,1,1,0,2,0,2
DesktopBar::ProcessHotKey,1,1,0,2,0,2,0,2,0,2,0,2,0,2,1,1,0,2,1,1,0,2,0,2,0,2,1,1,0,2,0,2
DesktopBar::RegisterHotkeys,1,1,0,2,1,1,0,2,0,2,0,2,0,2,1,1,0,2,1,1,0,2,0,2,0,2,1,1,0,2,0,2
DesktopBar::Resize,1,1,0,2,0,2,1,1,0,2,0,2,0,2,1,1,0,2,1,1,0,2,0,2,0,2,1,1,0,2,0,2
DesktopBar::ShowStartMenu,3,0,0,3,0,3,0,3,0,3,0,3,0,3,1,2,0,3,1,2,0,3,0,3,0,3,1,2,0,3,0,3
DesktopBar::WndProc,1,1,0,2,0,2,0,2,0,2,0,2,0,2,1,1,0,2,1,1,0,2,0,2,0,2,1,1,0,2,1,1
DesktopBar::~DesktopBar,1,1,0,2,1,1,0,2,0,2,0,2,0,2,1,1,0,2,1,1,0,2,0,2,0,2,1,1,0,2,0,2
DesktopDropTarget::DesktopDropTarget,0,1,0,1,0,1,0,1,0,1,0,1,0,1,0,1,0,1,0,1,0,1,0,1,1,0,0,1,0,1,0,1
DesktopDropTarget::DragLeave,0,1,0,1,0,1,0,1,0,1,0,1,0,1,0,1,0,1,0,1,0,1,0,1,1,0,0,1,0,1,0,1
DesktopDropTarget::DragOver,0,1,0,1,0,1,0,1,0,1,0,1,0,1,0,1,0,1,0,1,0,1,0,1,1,0,0,1,0,1,0,1
DesktopDropTarget::OnDrop,0,1,0,1,0,1,0,1,0,1,0,1,0,1,0,1,0,1,0,1,0,1,0,1,1,0,0,1,0,1,0,1
DesktopFolderPath::DesktopFolderPath,0,0,0,0,0,0,0,0,0,0,0,0,0,0,0,0,0,0,0,0,0,0,0,0,0,0,0,0,0,0,0,0
Desktops::Desktops,0,6,2,4,3,3,1,5,0,6,0,6,0,6,1,5,0,6,3,3,0,6,0,6,1,5,1,5,0,6,2,4
Desktops::init,0,4,1,2,2,2,1,3,0,4,0,4,0,4,1,3,0,4,2,2,0,4,0,4,1,3,1,3,0,4,2,2
Desktops::SwitchToDesktop,0,7,1,7,7,1,1,6,0,8,0,8,0,8,1,7,0,8,2,6,0,8,0,8,1,7,1,7,0,8,0,8
Desktops::ToggleMinimize,0,5,1,3,2,2,1,3,0,5,0,5,0,5,1,4,1,4,3,1,0,5,0,5,1,4,1,3,0,5,0,5
Desktops::~Desktops,0,5,1,4,3,2,1,4,0,5,0,5,0,5,1,4,0,5,2,2,0,5,0,5,1,4,1,4,0,5,1,4
DesktopSettingsDlg::Command,0,1,0,1,0,1,0,1,0,1,0,1,0,1,0,1,0,1,0,1,1,0,0,1,0,1,0,1,1,0,0,1
DesktopSettingsDlg::DesktopSettingsDlg,1,2,0,2,0,2,0,3,0,3,0,3,0,3,0,3,2,1,1,1,1,2,0,3,0,2,0,3,0,3,0,3
DesktopSettingsDlg::Notify,0,1,0,1,0,0,0,1,0,1,0,1,0,1,0,1,0,0,0,1,0,1,0,1,0,1,0,1,0,0,0,1
DesktopShellView::Command,0,1,0,1,0,2,0,2,0,2,0,2,0,2,0,2,0,2,1,1,0,2,0,2,0,2,0,2,0,2,1,1
DesktopShellView::DesktopShellView,1,6,4,3,2,4,0,7,0,7,0,7,0,6,0,6,2,5,4,2,0,7,0,7,1,4,0,6,1,6,0,7
DesktopShellView::DoContextMenu,0,3,1,4,0,5,0,4,0,4,1,4,0,5,1,4,0,5,0,4,0,4,0,5,1,4,0,5,0,5,0,3
DesktopShellView::DoDesktopContextMenu,0,3,0,4,0,4,0,3,0,3,0,4,0,4,1,3,0,4,1,3,0,3,0,4,0,4,0,4,0,4,0,2
DesktopShellView::InitDragDrop,0,7,0,7,0,7,0,7,0,7,0,7,0,7,0,7,0,6,0,6,0,7,0,7,7,0,0,7,0,7,0,7
DesktopShellView::Notify,0,3,0,3,1,2,0,3,0,2,0,3,0,3,0,3,0,3,1,1,0,3,0,3,0,3,0,3,0,3,1,1
DesktopShellView::PositionIcons,0,6,5,0,1,5,0,6,0,6,0,6,0,6,0,6,0,6,1,3,0,6,0,6,0,6,0,6,0,6,0,6
DesktopShellView::refresh,0,3,0,3,1,1,0,3,0,3,0,3,0,3,0,3,0,3,1,0,0,3,0,3,0,3,0,3,0,3,0,2
DesktopShellView::WndProc,0,4,1,4,0,4,0,5,0,5,0,5,0,5,0,5,0,4,2,2,0,5,0,5,0,4,0,5,0,5,1,4
DesktopWindow::Create,1,2,1,2,1,2,0,3,0,3,1,2,0,3,0,3,0,3,1,2,0,3,1,2,0,3,1,2,0,3,0,3
DesktopWindow::DesktopWindow,1,3,2,2,2,2,1,3,0,4,0,4,1,3,1,3,1,3,3,1,0,4,0,4,2,2,1,3,0,4,0,4
DesktopWindow::GetControlWindow,0,3,0,3,1,2,0,3,0,3,0,3,0,3,0,3,1,2,1,2,0,3,0,3,0,3,0,3,0,3,0,3
DesktopWindow::GetWindow,1,2,2,1,2,1,1,2,0,3,0,3,1,2,1,2,0,3,3,0,0,3,0,3,1,2,1,2,0,3,0,3
DesktopWindow::Init,0,4,1,3,0,4,0,4,0,4,0,4,0,4,0,4,0,4,2,2,0,4,0,4,0,4,0,4,0,4,1,3
DesktopWindow::OnDefaultCommand,0,3,1,2,0,3,0,3,0,3,0,3,0,3,0,3,0,3,1,2,0,3,0,3,0,3,0,3,0,3,1,2
DesktopWindow::QueryActiveShellView,0,3,1,2,1,2,0,3,0,3,0,3,0,3,0,3,0,3,1,2,0,3,0,3,0,3,0,3,0,3,1,2
DesktopWindow::SendControlMsg,0,3,0,3,1,2,0,3,0,3,0,3,0,3,0,3,0,3,1,2,0,3,0,3,0,3,0,3,0,3,0,3
DesktopWindow::WndProc,2,1,1,2,1,2,0,3,0,3,0,3,1,2,0,3,1,2,1,2,0,3,0,3,0,3,1,2,0,3,0,3
DesktopWindow::~DesktopWindow,1,2,2,1,2,1,1,2,0,3,0,3,1,2,1,2,0,3,2,1,0,3,0,3,1,2,1,2,0,3,0,3
Dialog::Command,0,0,0,0,0,0,0,0,0,0,0,0,0,0,0,0,0,0,0,0,0,0,0,0,0,0,0,0,0,0,0,0
Dialog::Dialog,0,0,0,0,0,0,0,0,0,0,0,0,0,0,0,0,0,0,0,0,0,0,0,0,0,0,0,0,0,0,0,0
Dialog::DoModal,0,0,0,0,0,0,0,0,0,0,0,0,0,0,0,0,0,0,0,0,0,0,0,0,0,0,0,0,0,0,0,0
Dialog::WndProc,0,0,0,0,0,0,0,0,0,0,0,0,0,0,0,0,0,0,0,0,0,0,0,0,0,0,0,0,0,0,0,0
Dialog::~Dialog,0,0,0,0,0,0,0,0,0,0,0,0,0,0,0,0,0,0,0,0,0,0,0,0,0,0,0,0,0,0,0,0
DialogWindow::DialogWindow,0,2,0,3,0,3,0,3,1,2,0,2,0,3,0,3,1,2,0,3,0,3,2,1,0,3,1,2,0,3,0,3
DialogWindow::~DialogWindow,0,2,0,3,0,3,0,3,1,2,0,2,0,3,0,3,1,2,0,3,0,3,2,1,0,3,1,2,0,3,0,3
Directory::Directory,0,1,0,1,0,1,0,1,0,1,0,1,0,1,0,1,0,1,0,1,0,1,0,1,0,1,0,1,0,1,1,0
Directory::~Directory,0,0,0,0,0,0,0,0,0,0,0,0,0,0,0,0,0,0,0,0,0,0,0,0,0,0,0,0,0,0,0,0
DragSourceHelper::DragSourceHelper,0,3,0,3,0,3,0,3,0,3,0,3,0,3,0,3,0,3,0,3,0,3,0,3,3,0,0,3,0,3,1,2
DragSourceHelper::InitializeFromBitmap,0,3,0,3,0,3,0,3,0,3,0,3,0,3,0,3,0,3,0,3,0,3,0,3,3,0,0,3,0,3,1,2
DragSourceHelper::InitializeFromWindow,0,3,0,3,0,3,0,3,0,3,0,3,0,3,0,3,0,3,0,3,0,3,0,3,3,0,0,3,0,3,1,2
DragSourceHelper::~DragSourceHelper,0,3,0,3,0,3,0,3,0,3,0,3,0,3,0,3,0,3,0,3,0,3,0,3,3,0,0,3,0,3,1,2
DWebBrowserEvents2IF::BeforeNavigate2,0,2,0,2,0,2,0,2,0,2,0,2,0,2,0,2,0,2,0,2,0,2,0,2,0,2,0,2,0,2,0,2
DWebBrowserEvents2IF::ClientToHostWindow,0,2,0,2,0,2,0,2,0,2,0,2,0,2,0,2,0,2,0,2,0,2,0,2,0,2,0,2,0,2,0,2
DWebBrowserEvents2IF::CommandStateChange,0,3,0,3,0,3,0,3,0,3,0,3,0,3,0,3,0,3,0,3,0,3,0,3,0,3,0,3,0,3,0,3
DWebBrowserEvents2IF::DocumentComplete,0,2,0,2,0,2,0,2,0,2,0,2,0,2,0,2,0,2,0,2,0,2,0,2,0,2,0,2,0,2,0,2
DWebBrowserEvents2IF::DownloadBegin,0,3,0,3,0,3,0,3,0,3,0,3,0,3,0,3,0,3,0,3,0,3,0,3,0,3,0,3,0,3,0,3
DWebBrowserEvents2IF::DownloadComplete,0,3,0,3,0,3,0,3,0,3,0,3,0,3,0,3,0,3,0,3,0,3,0,3,0,3,0,3,0,3,0,3
DWebBrowserEvents2IF::FileDownload,0,2,0,2,0,2,0,2,0,2,0,2,0,2,0,2,0,2,0,2,0,2,0,2,0,2,0,2,0,2,0,2
DWebBrowserEvents2IF::FrameBeforeNavigate,0,2,0,2,0,2,0,2,0,2,0,2,0,2,0,2,0,2,0,2,0,2,0,2,0,2,0,2,0,2,0,2
DWebBrowserEvents2IF::FrameNavigateComplete,0,2,0,2,0,2,0,2,0,2,0,2,0,2,0,2,0,2,0,2,0,2,0,2,0,2,0,2,0,2,0,2
DWebBrowserEvents2IF::FrameNewWindow,0,2,0,2,0,2,0,2,0,2,0,2,0,2,0,2,0,2,0,2,0,2,0,2,0,2,0,2,0,2,0,2
DWebBrowserEvents2IF::NavigateComplete2,0,2,0,2,0,2,0,2,0,2,0,2,0,2,0,2,0,2,0,2,0,2,0,2,0,2,0,2,0,2,0,2
DWebBrowserEvents2IF::NavigateError,0,2,0,2,0,2,0,2,0,2,0,2,0,2,0,2,0,2,0,2,0,2,0,2,0,2,0,2,0,2,0,2
DWebBrowserEvents2IF::NewWindow2,0,4,0,4,1,3,0,4,0,4,0,4,0,4,0,4,0,4,0,4,0,4,0,4,1,3,0,4,0,4,0,4
DWebBrowserEvents2IF::OnAddressbar,0,2,0,2,0,2,0,2,0,2,0,2,0,2,0,2,0,2,0,2,0,2,0,2,0,2,0,2,0,2,0,2
DWebBrowserEvents2IF::OnFullscreen,0,2,0,2,0,2,0,2,0,2,0,2,0,2,0,2,0,2,0,2,0,2,0,2,0,2,0,2,0,2,0,2
DWebBrowserEvents2IF::OnMenubar,0,2,0,2,0,2,0,2,0,2,0,2,0,2,0,2,0,2,0,2,0,2,0,2,0,2,0,2,0,2,0,2
DWebBrowserEvents2IF::OnQuit,0,2,0,2,0,2,0,2,0,2,0,2,0,2,0,2,0,2,0,2,0,2,0,2,0,2,0,2,0,2,0,2
DWebBrowserEvents2IF::OnStatusbar,0,2,0,2,0,2,0,2,0,2,0,2,0,2,0,2,0,2,0,2,0,2,0,2,0,2,0,2,0,2,0,2
DWebBrowserEvents2IF::OnTheatermode,0,2,0,2,0,2,0,2,0,2,0,2,0,2,0,2,0,2,0,2,0,2,0,2,0,2,0,2,0,2,0,2
DWebBrowserEvents2IF::OnToolbar,0,2,0,2,0,2,0,2,0,2,0,2,0,2,0,2,0,2,0,2,0,2,0,2,0,2,0,2,0,2,0,2
DWebBrowserEvents2IF::OnVisible,0,2,0,2,0,2,0,2,0,2,0,2,0,2,0,2,0,2,0,2,0,2,0,2,0,2,0,2,0,2,0,2
DWebBrowserEvents2IF::PrivacyImpactedStateChange,0,2,0,2,0,2,0,2,0,2,0,2,0,2,0,2,0,2,0,2,0,2,0,2,0,2,0,2,0,2,0,2
DWebBrowserEvents2IF::ProgressChange,0,3,0,3,0,3,0,3,0,3,0,3,0,3,0,3,0,3,0,3,0,3,0,3,0,3,0,3,0,3,0,3
DWebBrowserEvents2IF::PropertyChange,0,3,0,3,0,3,0,3,0,3,0,3,0,3,0,3,0,3,0,3,0,3,0,3,0,3,0,3,0,3,0,3
DWebBrowserEvents2IF::SetSecureLockIcon,0,2,0,2,0,2,0,2,0,2,0,2,0,2,0,2,0,2,0,2,0,2,0,2,0,2,0,2,0,2,0,2
DWebBrowserEvents2IF::StatusTextChange,0,3,0,3,0,3,0,3,0,3,0,3,0,3,0,3,0,3,0,3,0,3,0,3,0,3,0,3,0,3,0,3
DWebBrowserEvents2IF::TitleChange,0,3,0,3,0,3,0,3,0,3,0,3,0,3,0,3,0,3,0,3,0,3,0,3,0,3,0,3,0,3,0,3
DWebBrowserEvents2IF::TitleIconChange,0,2,0,2,0,2,0,2,0,2,0,2,0,2,0,2,0,2,0,2,0,2,0,2,0,2,0,2,0,2,0,2
DWebBrowserEvents2IF::WindowActivate,0,3,0,3,0,3,0,3,0,3,0,3,0,3,0,3,0,3,0,3,0,3,0,3,0,3,0,3,0,3,0,3
DWebBrowserEvents2IF::WindowClosing,0,2,0,2,0,2,0,2,0,2,0,2,0,2,0,2,0,2,0,2,0,2,0,2,0,2,0,2,0,2,0,2
DWebBrowserEvents2IF::WindowMove,0,4,0,4,0,4,0,4,0,4,0,4,0,4,1,3,0,4,0,4,0,4,0,4,1,3,0,4,0,4,0,4
DWebBrowserEvents2IF::WindowResize,0,3,0,3,0,3,0,3,0,3,0,3,0,3,0,3,0,3,0,3,0,3,0,3,0,3,0,3,0,3,0,3
DWebBrowserEvents2IF::WindowSetHeight,0,2,0,2,0,2,0,2,0,2,0,2,0,2,0,2,0,2,0,2,0,2,0,2,0,2,0,2,0,2,0,2
DWebBrowserEvents2IF::WindowSetLeft,0,2,0,2,0,2,0,2,0,2,0,2,0,2,0,2,0,2,0,2,0,2,0,2,0,2,0,2,0,2,0,2
DWebBrowserEvents2IF::WindowSetResizable,0,2,0,2,0,2,0,2,0,2,0,2,0,2,0,2,0,2,0,2,0,2,0,2,0,2,0,2,0,2,0,2
DWebBrowserEvents2IF::WindowSetTop,0,2,0,2,0,2,0,2,0,2,0,2,0,2,0,2,0,2,0,2,0,2,0,2,0,2,0,2,0,2,0,2
DWebBrowserEvents2IF::WindowSetWidth,0,2,0,2,0,2,0,2,0,2,0,2,0,2,0,2,0,2,0,2,0,2,0,2,0,2,0,2,0,2,0,2
DWebBrowserEvents2IF::~DWebBrowserEvents2IF,1,3,0,4,0,4,0,4,0,4,1,3,0,4,0,4,0,4,0,4,0,4,0,4,1,3,0,4,0,4,0,4
EditController::EditController,0,0,0,0,0,0,0,0,0,0,0,0,0,0,0,0,0,0,0,0,0,0,0,0,0,0,0,0,0,0,0,0
EditController::WndProc,0,0,0,0,0,0,0,0,0,0,0,0,0,0,0,0,0,0,0,0,0,0,0,0,0,0,0,0,0,0,0,0
Entry::create_absolute_pidl,0,1,0,1,1,0,0,1,0,1,0,0,0,1,0,1,0,1,0,1,0,0,0,0,0,1,0,1,1,0,1,0
Entry::do_context_menu,0,2,0,1,0,2,0,2,0,1,0,1,0,1,1,1,0,2,0,2,0,1,0,2,0,2,0,1,0,2,0,2
Entry::Entry,1,3,1,3,0,4,0,4,0,4,1,3,1,3,0,4,0,4,1,3,1,3,1,3,0,4,1,3,0,3,2,2
Entry::extract_icon,0,3,1,1,0,3,0,3,0,4,0,4,1,3,0,4,0,4,1,3,0,3,0,4,0,4,1,3,0,4,2,2
Entry::find_entry,0,0,0,1,0,0,0,1,0,1,0,0,0,0,0,1,0,1,0,1,1,0,0,0,0,1,0,0,0,0,1,0
Entry::free_subentries,0,4,0,4,0,3,0,4,0,4,0,3,0,4,0,4,0,4,0,4,1,2,0,3,0,4,0,4,1,2,2,2
Entry::GetUIObjectOf,1,1,1,1,0,0,0,1,0,1,0,2,0,1,0,2,0,0,1,1,0,2,0,2,0,2,0,1,0,1,0,2
Entry::get_next_path_component,0,0,0,0,0,0,0,1,0,1,1,0,0,0,0,1,0,1,0,0,1,0,1,0,0,1,0,0,0,0,1,0
Entry::get_path,0,0,0,0,0,0,0,1,0,0,0,0,0,0,0,0,0,1,0,0,0,0,0,0,0,1,0,0,0,0,1,0
Entry::get_path_base,0,3,0,3,0,3,0,4,0,4,0,3,0,3,0,3,0,4,0,3,2,2,0,3,0,4,0,3,0,2,2,2
Entry::get_shell_folder,0,1,0,2,0,1,0,2,0,2,1,1,0,2,0,2,0,2,0,1,1,0,1,1,0,2,0,2,1,1,1,1
Entry::launch_entry,0,2,0,2,1,1,0,2,0,2,0,2,1,1,0,2,0,2,0,1,1,0,1,1,0,2,0,1,0,1,0,2
Entry::read_directory,0,1,0,1,0,1,0,2,0,2,1,1,0,1,0,2,0,2,0,1,2,0,1,1,0,2,0,1,1,1,1,1
Entry::read_directory_base,0,3,0,3,0,3,0,4,0,4,0,3,0,4,0,4,0,4,0,3,2,1,0,3,0,4,0,4,1,3,1,2
Entry::read_tree,1,2,0,2,1,2,0,3,0,3,1,2,0,2,0,3,0,3,1,2,1,2,1,2,0,3,0,2,1,2,2,1
Entry::safe_extract_icon,2,2,1,2,0,3,0,4,0,4,0,4,1,3,0,4,0,4,1,3,0,4,0,4,0,4,1,3,0,4,1,3
Entry::smart_scan,1,3,0,4,0,4,0,5,0,5,1,4,0,4,0,5,0,5,0,4,1,2,1,4,0,5,0,4,0,5,1,3
Entry::sort_directory,0,4,0,4,0,3,0,4,0,4,0,4,0,4,0,4,0,4,0,4,2,1,0,4,0,4,0,4,0,3,2,1
Entry::~Entry,0,4,1,2,0,3,0,3,0,3,0,4,0,3,0,4,0,4,0,3,0,4,0,4,0,4,0,3,0,3,2,2
EnumFormatEtcImpl::Clone,0,0,0,0,0,0,0,0,0,0,0,0,0,0,0,0,0,0,0,0,0,0,0,0,0,0,0,0,0,0,0,0
EnumFormatEtcImpl::EnumFormatEtcImpl,0,0,0,0,0,0,0,0,0,0,0,0,0,0,0,0,0,0,0,0,0,0,0,0,0,0,0,0,0,0,0,0
EnumFormatEtcImpl::Next,0,0,0,0,0,0,0,0,0,0,0,0,0,0,0,0,0,0,0,0,0,0,0,0,0,0,0,0,0,0,0,0
EnumFormatEtcImpl::Reset,0,0,0,0,0,0,0,0,0,0,0,0,0,0,0,0,0,0,0,0,0,0,0,0,0,0,0,0,0,0,0,0
EnumFormatEtcImpl::Skip,0,0,0,0,0,0,0,0,0,0,0,0,0,0,0,0,0,0,0,0,0,0,0,0,0,0,0,0,0,0,0,0
EnumFormatEtcImpl::~EnumFormatEtcImpl,0,0,0,0,0,0,0,0,0,0,0,0,0,0,0,0,0,0,0,0,0,0,0,0,0,0,0,0,0,0,0,0
EventConnection::EventConnection,0,2,0,2,0,2,0,2,0,2,0,2,0,2,0,2,0,2,0,2,0,2,0,2,0,2,0,2,0,2,2,0
EventConnection::~EventConnection,0,1,0,1,0,1,0,1,0,1,0,1,0,1,0,1,0,1,0,1,0,1,0,1,0,1,0,1,0,1,1,0
EventConnector::EventConnector,1,3,0,3,0,3,0,3,0,3,0,3,0,3,0,3,0,3,0,3,0,3,0,3,0,3,0,3,0,4,2,2
ExecuteDialog::WndProc,0,1,0,1,0,1,0,1,0,1,0,1,0,1,0,1,0,1,0,1,0,1,0,0,0,1,0,1,0,1,0,1
ExplorerAboutDlg::ExplorerAboutDlg,0,5,0,5,0,5,0,5,0,5,0,5,0,5,0,5,0,4,0,5,0,3,0,4,0,5,0,5,0,5,1,4
ExplorerAboutDlg::Paint,0,5,0,5,0,5,0,5,0,5,0,5,0,5,0,5,0,4,0,5,0,4,0,5,0,5,0,5,0,5,1,3
ExplorerAboutDlg::WndProc,0,5,0,5,0,5,0,5,0,5,0,5,0,5,0,5,0,4,0,5,0,4,0,5,0,5,0,5,0,5,1,3
ExplorerAboutDlg::~ExplorerAboutDlg,0,5,0,5,0,5,0,5,0,5,0,5,0,5,0,5,0,5,0,5,0,3,0,5,0,5,0,5,0,5,2,3
ExplorerCmd::EvaluateOption,0,0,0,0,0,0,0,0,0,0,0,0,0,0,0,0,0,0,0,0,0,0,0,0,0,0,0,0,0,0,0,0
ExplorerCmd::ExplorerCmd,0,0,0,0,0,0,0,0,0,0,0,0,0,0,0,0,0,0,0,0,0,0,0,0,0,0,0,0,0,0,0,0
ExplorerCmd::IsValidPath,0,0,0,0,0,0,0,0,0,0,0,0,0,0,0,0,0,0,0,0,0,0,0,0,0,0,0,0,0,0,0,0
ExplorerCmd::ParseCmdLine,0,0,0,0,0,0,0,0,0,0,0,0,0,0,0,0,0,0,0,0,0,0,0,0,0,0,0,0,0,0,0,0
ExplorerGlobals::DWORD,0,0,0,0,0,0,0,0,0,0,0,0,0,0,0,0,0,0,0,0,0,0,0,0,0,0,0,0,0,0,0,0
ExplorerGlobals::ExplorerGlobals,0,0,0,1,0,1,0,1,0,1,0,1,0,1,0,1,0,1,0,1,0,1,0,1,0,1,0,1,0,1,0,1
ExplorerGlobals::get_cfg,0,0,0,0,0,0,0,0,0,0,0,0,0,0,0,0,0,0,0,0,0,0,0,0,0,0,0,0,0,0,0,0
ExplorerGlobals::init,0,0,0,0,0,0,0,0,0,0,0,0,0,0,0,0,0,0,0,0,0,0,0,0,0,0,0,0,0,0,0,0
ExplorerGlobals::read_persistent,0,1,0,1,0,1,0,1,0,1,0,1,0,1,0,1,0,1,0,1,0,1,0,1,0,1,0,1,0,0,0,1
ExplorerGlobals::write_persistent,0,1,0,1,0,1,0,1,0,1,0,1,0,1,0,1,0,1,0,1,0,1,0,1,0,1,0,1,0,0,0,1
ExtContextMenuHandlerT::ExtContextMenuHandlerT,0,1,0,1,0,1,0,1,0,1,0,1,0,1,0,1,0,1,0,1,0,1,0,1,0,1,0,1,0,1,1,0
ExtContextMenuHandlerT::WndProc,0,1,0,1,0,1,0,1,0,1,0,1,0,1,0,1,0,1,0,1,0,1,0,1,0,1,0,1,0,1,1,0
FATChildWndInfo::FATChildWndInfo,0,0,0,0,0,0,0,0,0,0,0,0,0,0,0,0,0,0,0,0,0,0,0,0,0,0,0,0,0,0,0,0
FATDirectory::FATDirectory,0,11,0,11,0,11,0,11,0,11,1,10,0,11,0,11,0,11,0,11,10,1,2,9,0,11,1,10,0,10,1,10
FATDirectory::find_entry,0,10,0,10,0,10,0,10,0,10,1,9,0,10,0,10,0,10,0,10,8,2,2,8,0,10,0,10,0,9,1,8
FATDirectory::get_next_path_component,0,9,0,9,0,9,0,9,0,9,1,8,0,9,0,9,0,9,0,9,7,2,1,7,0,8,0,8,0,7,0,6
FATDirectory::read_dir,0,9,0,9,0,9,0,9,0,9,1,8,0,9,0,9,0,9,0,9,7,2,1,8,0,9,0,9,0,8,1,8
FATDirectory::read_directory,0,10,0,10,0,10,0,10,0,10,1,9,0,10,0,10,0,10,0,10,9,1,2,8,0,10,0,10,0,9,0,10
FATDirectory::~FATDirectory,0,9,0,9,0,9,0,9,0,9,1,8,0,9,0,9,0,9,0,9,8,1,2,7,0,9,1,8,0,8,0,9
FATDrive::FATDrive,0,8,0,8,0,8,0,8,0,8,0,8,0,8,0,8,0,8,0,8,7,0,0,8,0,8,0,8,0,8,2,5
FATDrive::get_cache_buffer,0,7,0,7,0,7,0,7,0,7,0,7,0,7,0,7,0,7,0,7,6,0,0,7,0,7,0,7,1,6,1,5
FATDrive::read_cache,0,5,0,5,0,5,0,5,0,5,0,5,0,5,0,5,0,6,0,5,5,0,0,5,0,6,0,5,1,4,1,4
FATDrive::read_FAT,1,7,1,7,1,7,1,7,1,7,1,7,1,7,1,7,0,8,1,7,6,1,1,7,1,7,1,7,2,6,2,5
FATDrive::read_sector,1,7,1,7,1,7,1,7,1,7,1,7,0,8,1,7,0,8,1,7,6,1,1,7,0,8,1,7,2,6,2,5
FATDrive::reset_cache,0,6,0,6,0,6,0,6,0,6,0,6,0,6,0,6,0,6,0,6,6,0,0,6,0,6,0,6,1,5,1,5
FATDrive::small_cache,0,7,0,7,0,7,0,7,0,7,0,7,0,7,0,7,0,7,0,6,5,1,0,7,0,7,0,7,1,6,1,5
FATDrive::~FATDrive,0,7,0,7,0,7,0,7,0,7,0,7,0,7,0,7,0,7,0,7,4,0,0,7,0,7,0,7,0,7,0,7
FATEntry::create_absolute_pidl,0,2,0,2,0,2,0,2,0,2,0,2,0,2,0,2,0,2,0,2,1,1,0,2,0,2,0,2,0,2,1,1
FATEntry::FATEntry,0,2,0,2,0,2,0,2,0,2,0,2,0,2,0,2,0,2,0,2,1,1,0,2,0,2,0,2,0,2,1,1
FATEntry::get_path,0,2,0,2,0,2,0,2,0,2,0,2,0,2,0,2,0,2,0,2,1,1,0,2,0,2,0,2,0,2,1,1
Favorites::import_IE_favorites,0,2,0,2,0,2,0,2,0,2,0,2,0,2,0,2,0,2,0,2,0,2,0,2,0,2,0,2,0,2,0,2
Favorites::read,0,3,0,3,0,3,0,3,0,2,0,3,0,3,0,3,0,3,0,3,0,3,0,3,0,3,0,3,0,3,0,3
Favorites::write,0,2,0,2,0,2,0,2,0,2,0,2,0,2,0,2,0,2,0,2,0,2,0,2,0,2,0,2,0,2,0,2
FavoritesMenu::AddEntries,1,0,0,5,0,4,1,4,0,5,0,5,0,5,1,4,0,5,0,5,0,5,0,5,0,4,1,4,0,5,0,4
FavoritesMenu::Command,1,1,0,4,0,3,0,4,0,4,0,4,1,3,1,3,0,4,0,4,0,4,0,4,0,4,0,4,0,4,0,3
FavoritesMenu::FavoritesMenu,1,2,0,6,0,5,1,5,0,6,0,6,1,5,1,5,1,4,0,5,0,6,0,6,0,6,0,6,0,6,0,5
FileChildWindow::activate_entry,0,10,0,10,0,10,0,10,0,10,0,10,0,10,0,10,0,9,0,9,7,2,0,10,0,10,0,10,0,10,1,8
FileChildWindow::collapse_entry,0,10,0,10,0,10,0,10,0,10,0,10,0,10,0,10,0,9,1,8,7,2,0,10,0,10,0,10,0,10,1,7
FileChildWindow::Command,2,9,1,10,1,10,1,10,1,10,1,10,1,10,1,10,1,8,1,8,6,4,1,9,1,10,1,10,1,10,3,7
FileChildWindow::create,1,10,0,11,0,9,1,10,1,10,0,10,1,10,1,10,1,9,0,10,7,3,1,10,0,11,0,11,2,9,3,7
FileChildWindow::expand_entry,0,10,0,10,0,10,0,10,0,10,0,9,0,10,0,10,0,9,0,9,7,3,0,10,0,10,0,10,0,10,2,7
FileChildWindow::FileChildWindow,0,10,0,10,1,8,0,10,0,10,0,9,1,9,0,10,0,8,0,9,8,1,0,10,0,10,0,10,0,10,1,8
FileChildWindow::get_root,0,10,0,11,1,10,0,11,0,11,0,11,1,10,0,11,1,9,0,11,7,1,0,11,0,11,0,11,1,9,1,9
FileChildWindow::jump_to_int,0,10,0,10,1,9,0,10,0,10,0,10,0,10,0,10,0,9,0,10,7,3,0,10,0,10,0,10,0,10,1,8
FileChildWindow::Notify,0,10,0,10,0,10,0,10,1,9,0,10,0,10,1,9,0,8,1,9,6,3,1,8,1,9,1,9,0,10,3,7
FileChildWindow::refresh,0,10,0,10,1,9,0,10,0,10,0,10,0,10,0,10,0,8,1,9,7,2,0,10,0,10,0,10,0,10,2,6
FileChildWindow::resize_children,0,10,0,10,0,10,1,9,0,10,0,10,0,10,0,10,6,1,0,9,4,6,0,10,0,10,0,10,0,10,2,7
FileChildWindow::scan_entry,0,10,0,10,0,10,0,10,0,10,0,10,0,10,0,10,0,9,0,10,8,1,0,10,1,9,1,9,0,10,1,8
FileChildWindow::set_curdir,0,10,0,10,0,10,0,10,0,10,0,10,1,9,0,10,1,8,1,9,7,2,0,10,1,9,1,9,0,10,1,8
FileChildWindow::set_focus_pane,1,10,0,11,2,9,1,10,1,10,0,11,1,10,1,10,1,8,1,9,5,4,1,10,1,9,1,10,0,11,3,6
FileChildWindow::switch_focus_pane,0,11,0,11,2,9,0,11,0,11,0,11,0,11,0,11,1,9,1,9,4,5,0,11,0,10,0,11,0,11,3,6
FileChildWindow::WndProc,1,10,1,10,0,11,1,10,1,10,0,11,1,10,1,10,2,7,0,10,4,5,1,10,0,11,0,11,0,11,3,7
FileChildWndInfo::FileChildWndInfo,0,1,0,1,0,1,0,1,0,1,0,1,0,1,0,1,0,1,0,1,0,0,0,1,0,1,0,1,0,1,0,1
FileSysShellPath::FileSysShellPath,0,1,0,1,0,1,0,1,0,1,0,0,0,1,0,1,0,1,0,1,1,0,0,0,0,1,0,1,0,1,0,1
FileSysShellPath::operator LPCTSTR,0,1,0,1,0,1,0,1,0,1,0,0,0,1,0,1,0,1,0,1,1,0,0,0,0,1,0,1,0,1,0,1
FileTypeManager::is_exe_file,0,2,0,2,0,2,0,2,0,2,0,2,0,2,0,2,0,2,0,2,2,0,0,2,0,2,0,2,0,2,1,1
FileTypeManager::operator[],0,2,0,2,0,2,0,2,0,2,0,2,0,2,0,2,0,2,0,2,2,0,0,2,0,2,0,2,0,2,0,1
FileTypeManager::set_type,0,2,0,2,0,2,0,2,0,2,0,2,0,2,0,2,0,2,0,2,2,0,0,2,0,2,0,2,0,2,0,1
FindProgramDlg::add_entry,0,7,0,7,0,7,0,7,0,7,6,0,0,6,0,7,0,7,0,7,1,6,1,5,0,6,0,7,0,7,2,5
FindProgramDlg::CheckEntries,0,7,0,7,0,7,0,7,0,7,4,1,0,6,0,7,0,7,0,7,0,6,1,6,0,7,0,7,0,7,1,5
FindProgramDlg::collect_programs_callback,0,7,0,7,0,7,0,7,0,7,5,1,0,7,0,7,0,7,0,7,0,7,0,7,0,7,0,7,0,7,2,3
FindProgramDlg::Command,0,8,0,8,0,8,0,8,0,8,8,0,0,8,0,8,0,8,0,8,1,7,3,5,0,8,0,8,0,8,1,6
FindProgramDlg::CompareFunc,0,7,0,7,0,7,0,7,0,7,3,3,0,7,0,7,0,7,0,7,0,7,0,7,0,7,0,7,0,7,2,4
FindProgramDlg::FindProgramDlg,0,7,0,7,0,7,0,7,0,7,7,0,0,7,0,7,0,7,0,7,1,6,1,5,0,7,0,7,0,7,1,6
FindProgramDlg::LaunchSelected,0,7,0,7,0,7,0,7,0,7,5,2,0,6,0,7,0,7,0,7,1,6,2,3,0,7,0,7,0,7,0,7
FindProgramDlg::Notify,0,7,0,7,0,7,0,7,0,7,6,0,0,6,0,7,0,7,0,7,1,6,1,5,0,6,0,7,0,7,2,5
FindProgramDlg::Refresh,0,7,0,7,0,7,0,7,0,7,6,0,0,7,0,7,0,7,0,7,1,6,2,4,0,7,0,7,0,7,2,4
FindProgramDlg::WndProc,0,7,0,7,0,7,0,7,0,7,6,1,0,7,0,7,0,7,0,7,0,7,0,7,0,7,0,7,0,7,3,3
FindProgramDlg::~FindProgramDlg,0,7,0,7,0,7,0,7,0,7,4,3,0,7,0,7,0,7,0,7,0,7,0,7,0,7,0,7,0,7,4,3
FlatButton::DrawItem,0,3,0,3,0,3,0,3,0,3,0,3,0,3,0,3,0,3,0,3,0,3,0,3,0,3,0,3,0,3,2,0
FlatButton::FlatButton,0,3,0,2,0,3,0,3,0,3,0,3,0,3,0,3,0,3,0,3,0,3,0,3,0,2,0,3,0,3,2,0
FlatButton::WndProc,0,3,0,2,0,3,0,3,0,3,0,3,0,3,0,3,0,3,0,3,0,3,0,3,0,3,0,3,0,3,2,0
FolderBrowser::FolderBrowser,0,4,0,4,0,4,0,4,0,4,0,4,0,4,0,4,0,4,0,4,2,1,0,4,1,3,0,4,0,4,1,3
FolderBrowser::GetDisplayName,0,3,0,3,0,3,0,3,0,3,0,3,0,3,0,3,0,3,0,3,2,1,0,3,0,3,0,3,0,3,1,2
FolderBrowser::IsOK,0,3,0,3,0,3,0,3,0,3,0,3,0,3,0,3,0,3,0,3,2,1,0,3,0,3,0,3,0,3,1,2
HyperlinkCtrl::HyperlinkCtrl,0,3,0,3,0,3,0,3,0,3,0,3,0,3,0,3,0,3,0,3,0,3,0,3,0,3,0,3,0,3,2,1
HyperlinkCtrl::init,0,3,0,3,0,3,0,3,0,3,0,3,0,3,0,3,0,3,0,3,0,3,0,3,0,3,0,3,0,3,2,1
HyperlinkCtrl::LaunchLink,0,3,0,3,0,3,0,3,0,3,0,3,0,3,0,3,0,3,0,3,0,2,0,2,0,3,0,3,0,3,1,1
HyperlinkCtrl::WndProc,0,3,0,3,0,3,0,3,0,3,0,3,0,3,0,3,0,3,0,3,0,3,0,3,0,3,0,3,0,3,1,2
HyperlinkCtrl::~HyperlinkCtrl,0,3,0,3,0,3,0,3,0,3,0,3,0,3,0,3,0,3,0,3,0,3,0,3,0,3,0,3,0,3,2,1
IComSrvQI::IComSrvQI,0,3,0,3,0,3,0,3,0,3,0,3,0,3,0,3,0,3,0,3,0,3,0,3,0,3,0,3,0,3,2,0
IComSrvQI::QueryInterface,0,3,0,3,0,3,0,3,0,3,0,3,0,3,0,3,0,3,0,3,0,3,0,3,0,3,0,3,0,3,2,0
IComSrvQI::~IComSrvQI,0,2,0,2,0,2,0,2,0,2,0,2,0,2,0,2,0,2,0,2,0,2,0,2,0,2,0,2,0,2,1,0
Icon::add_to_imagelist,0,1,1,0,0,1,0,1,0,2,0,2,0,2,0,2,0,1,0,1,1,1,0,2,0,1,0,2,0,2,0,2
Icon::create_bitmap,0,1,2,0,0,1,0,1,0,1,0,2,0,1,0,2,0,1,0,1,0,1,0,2,0,1,0,1,0,2,0,2
Icon::destroy,0,1,1,0,0,1,0,1,0,1,0,1,0,1,0,1,0,1,0,1,0,1,0,1,0,1,0,1,0,1,0,1
Icon::draw,1,2,3,0,1,2,1,2,0,2,0,3,0,2,0,3,1,2,1,2,0,3,0,3,1,2,0,2,0,3,0,3
Icon::get_hicon,0,0,0,0,0,1,0,1,0,1,0,1,0,1,0,1,0,0,0,0,0,1,0,1,0,1,0,1,0,1,0,0
Icon::get_icontype,0,0,1,0,0,0,0,1,0,1,0,1,0,0,0,1,0,0,0,0,0,1,0,1,0,0,0,0,0,1,0,1
Icon::get_sysiml_idx,0,1,0,0,0,1,0,1,0,1,0,1,0,1,0,1,0,1,0,1,0,1,0,1,0,1,0,1,0,1,0,0
Icon::Icon,1,2,3,0,1,1,0,2,0,2,0,3,1,2,0,3,1,2,2,1,0,3,0,3,1,2,2,1,1,2,0,3
Icon::operator ICON_ID,0,1,0,0,0,1,0,1,0,1,0,1,0,1,0,1,0,1,0,0,0,1,0,1,0,1,0,1,0,1,0,0
IconCache::add,3,3,4,1,0,6,0,6,0,7,0,7,2,5,0,7,0,7,2,5,1,6,0,7,1,6,4,2,0,7,0,6
IconCache::extract,4,2,4,1,1,5,1,5,1,6,1,6,3,4,1,6,1,6,3,4,2,5,1,6,2,5,4,2,1,6,1,5
IconCache::free_icon,3,3,3,1,0,6,0,6,0,7,0,7,2,4,0,7,0,7,2,5,1,6,0,7,1,6,3,2,0,7,0,6
IconCache::get_icon,4,3,5,0,1,4,1,5,1,6,1,7,4,3,0,7,0,7,3,3,1,6,0,7,2,5,5,1,0,7,0,6
IconCache::get_sys_imagelist,3,3,4,1,0,6,0,6,0,7,1,6,2,4,0,7,0,7,2,5,1,6,0,7,1,6,3,2,0,7,0,6
IconCache::IconCache,3,2,5,0,0,4,0,4,0,6,0,5,2,3,0,6,0,6,2,3,1,4,0,6,2,4,4,1,0,6,1,5
IconCache::init,3,2,4,0,0,5,0,5,0,6,0,6,2,4,0,6,0,7,2,4,1,6,0,6,2,5,4,1,0,7,0,6
IconCache::~IconCache,3,3,4,1,0,6,0,6,0,7,0,7,2,5,0,7,0,7,2,5,1,6,0,7,2,5,4,2,0,7,0,7
IconWindowClass::IconWindowClass,0,2,0,1,0,2,0,2,0,2,0,2,0,2,0,2,0,2,1,1,0,2,0,2,0,2,0,2,0,2,1,1
IDataObjectImpl::CopyMedium,0,6,0,6,0,6,0,6,0,6,0,6,0,6,0,6,0,6,0,6,1,5,0,6,0,6,0,6,0,6,2,3
IDataObjectImpl::DAdvise,0,5,0,5,0,5,0,5,0,5,0,5,0,5,0,5,0,5,0,5,1,4,0,5,0,5,0,5,0,5,2,3
IDataObjectImpl::DUnadvise,0,5,0,5,0,5,0,5,0,5,0,5,0,5,0,5,0,5,0,5,1,4,0,5,0,5,0,5,0,5,2,3
IDataObjectImpl::EnumDAdvise,0,5,0,5,0,5,0,5,0,5,0,5,0,5,0,5,0,5,0,5,1,4,0,5,0,5,0,5,0,5,2,3
IDataObjectImpl::EnumFormatEtc,0,5,0,5,0,5,0,5,0,5,0,5,0,5,0,5,0,5,0,5,1,4,0,5,0,5,0,5,0,5,2,3
IDataObjectImpl::GetCanonicalFormatEtc,0,6,0,6,0,6,0,6,0,6,0,6,0,6,0,6,0,6,0,6,1,5,0,6,0,6,0,6,0,6,2,3
IDataObjectImpl::GetData,0,6,0,6,0,6,0,6,0,6,0,6,0,6,0,6,0,6,0,6,1,5,0,6,0,6,0,6,0,6,2,3
IDataObjectImpl::GetDataHere,0,6,0,6,0,6,0,6,0,6,0,6,0,6,0,6,0,6,0,6,1,5,0,6,0,6,0,6,0,6,2,3
IDataObjectImpl::IDataObjectImpl,0,7,0,7,0,7,0,7,0,7,0,7,0,7,0,7,0,7,0,7,1,6,0,7,0,7,0,7,0,7,3,3
IDataObjectImpl::QueryGetData,0,5,1,4,0,5,0,5,0,5,0,5,0,5,0,5,0,5,0,5,1,4,0,5,0,5,0,5,0,5,0,4
IDataObjectImpl::SetData,0,6,0,6,0,6,0,6,0,6,0,6,0,6,0,6,0,6,0,6,1,5,0,6,0,6,0,6,0,6,2,3
IDataObjectImpl::~IDataObjectImpl,0,6,0,6,0,6,0,6,0,6,0,6,0,6,0,6,0,6,0,6,1,5,0,6,0,6,0,6,0,6,3,2
IDropSourceImpl::GiveFeedback,0,3,0,3,0,3,0,3,0,3,0,3,0,3,0,3,0,3,0,3,0,3,0,3,1,2,0,3,0,3,1,2
IDropSourceImpl::IDropSourceImpl,1,3,1,3,1,3,1,3,1,3,1,3,1,3,1,3,1,3,1,3,1,3,1,3,3,1,1,3,1,3,1,3
IDropSourceImpl::QueryContinueDrag,0,4,0,4,0,4,0,4,0,4,0,4,0,4,0,4,0,4,0,4,0,4,0,4,2,2,0,4,0,4,1,3
IDropSourceImpl::~IDropSourceImpl,0,3,0,3,0,3,0,3,0,3,0,3,0,3,0,3,0,3,0,3,0,3,0,3,1,2,0,3,0,3,1,2
IDropTargetImpl::AddRef,0,3,0,3,0,3,0,3,0,3,0,3,0,3,0,3,0,3,0,3,0,3,0,3,3,0,0,3,0,3,0,2
IDropTargetImpl::AddSuportedFormat,0,3,0,3,0,3,0,3,0,3,0,3,0,3,0,3,0,3,0,3,0,3,0,3,3,0,0,3,0,3,0,3
IDropTargetImpl::DragEnter,0,3,0,3,0,3,0,3,0,3,0,3,0,3,0,3,0,3,0,3,0,3,0,3,3,0,0,3,0,3,0,3
IDropTargetImpl::DragLeave,0,3,0,3,0,3,0,3,0,3,0,3,0,3,0,3,0,3,0,3,0,3,0,3,3,0,0,3,0,3,0,3
IDropTargetImpl::DragOver,0,3,0,3,0,3,0,3,0,3,0,3,0,3,0,3,0,3,0,3,0,3,0,3,3,0,0,3,0,3,0,3
IDropTargetImpl::Drop,0,3,0,3,0,3,0,3,0,3,0,3,0,3,0,3,0,3,0,3,0,3,0,3,3,0,0,3,0,3,0,3
IDropTargetImpl::IDropTargetImpl,0,4,0,4,0,4,0,4,0,4,0,4,0,4,0,4,0,4,0,4,0,4,0,4,4,0,0,4,0,4,0,3
IDropTargetImpl::OnDrop,0,3,0,3,0,3,0,3,0,3,0,3,0,3,0,3,0,3,0,3,0,3,0,3,3,0,0,3,0,3,0,3
IDropTargetImpl::QueryDrop,0,3,0,3,0,3,0,3,0,3,0,3,0,3,0,3,0,3,0,3,0,3,0,3,3,0,0,3,0,3,0,3
IDropTargetImpl::QueryInterface,0,3,0,3,0,3,0,3,0,3,0,3,0,3,0,3,0,3,0,3,0,3,0,3,3,0,0,3,0,3,0,2
IDropTargetImpl::Release,0,3,0,3,0,3,0,3,0,3,0,3,0,3,0,3,0,3,0,3,0,3,0,3,3,0,0,3,0,3,0,2
IDropTargetImpl::~IDropTargetImpl,0,4,0,4,0,4,0,4,0,4,0,4,0,4,0,4,0,4,0,4,0,4,0,4,3,1,0,4,0,4,1,2
IPCtrlWindow::create_control,0,2,0,2,0,2,0,2,0,2,0,2,0,2,0,2,0,2,0,2,0,2,0,2,0,2,0,2,0,2,2,0
IPCtrlWindow::IPCtrlWindow,0,1,0,1,0,1,0,1,0,1,0,1,0,1,0,1,0,1,0,1,0,1,0,1,0,1,0,1,0,1,1,0
IPCtrlWindow::WndProc,0,1,0,1,0,1,0,1,0,1,0,1,0,1,0,1,0,1,0,1,0,1,0,1,0,1,0,1,0,1,1,0
IShellBrowserImpl::AddRef,0,5,0,5,0,5,0,5,0,5,0,5,0,5,0,5,0,5,1,4,0,5,1,4,0,5,0,5,0,5,2,3
IShellBrowserImpl::BrowseObject,0,5,0,4,0,4,0,5,0,5,0,5,0,5,0,5,0,5,0,4,1,4,1,4,0,5,0,5,0,5,1,3
IShellBrowserImpl::ContextSensitiveHelp,0,5,0,5,0,5,0,5,0,5,0,5,0,5,0,5,0,5,1,4,1,4,1,4,0,5,0,5,0,5,2,3
IShellBrowserImpl::EnableModelessSB,0,5,0,4,0,4,0,5,0,5,0,5,0,5,0,5,0,5,0,4,0,5,1,4,0,5,0,5,0,5,2,2
IShellBrowserImpl::Exec,0,4,0,5,0,5,0,5,0,5,0,5,0,5,0,5,0,5,0,5,1,4,2,3,0,5,0,5,0,5,1,4
IShellBrowserImpl::GetViewStateStream,0,5,0,4,0,4,0,5,0,5,0,5,0,5,0,5,0,5,0,4,0,5,1,4,0,5,0,5,0,5,2,2
IShellBrowserImpl::IncludeObject,0,4,0,4,0,4,0,4,0,4,0,4,0,4,0,4,0,4,0,4,1,3,1,3,0,4,0,4,0,4,1,3
IShellBrowserImpl::InsertMenusSB,0,3,0,3,0,3,0,4,0,4,0,4,0,4,0,4,0,4,0,3,1,3,1,3,0,4,0,4,0,4,1,3
IShellBrowserImpl::IShellBrowserImpl,0,5,1,4,1,4,0,5,0,5,0,5,0,5,0,5,0,5,2,3,1,2,1,4,0,5,0,5,0,5,3,1
IShellBrowserImpl::OnDefaultCommand,0,4,0,3,0,3,0,4,0,4,0,4,0,4,0,4,0,4,0,3,0,4,1,3,0,4,0,4,0,4,3,1
IShellBrowserImpl::OnStateChange,0,4,0,3,0,3,0,4,0,4,0,4,0,4,0,4,0,4,0,3,0,3,1,3,0,4,0,4,0,4,2,2
IShellBrowserImpl::OnViewWindowActive,0,5,0,4,0,4,0,5,0,5,0,5,0,5,0,5,0,5,0,4,1,4,1,4,0,5,0,5,0,5,1,3
IShellBrowserImpl::QueryInterface,0,5,0,4,0,4,0,5,0,5,0,5,0,5,0,5,0,5,1,3,1,3,1,4,0,5,0,5,0,5,1,1
IShellBrowserImpl::QueryService,0,5,0,4,0,4,0,5,0,5,0,5,0,5,0,5,0,5,0,4,0,5,1,4,0,5,0,5,0,5,2,1
IShellBrowserImpl::QueryStatus,0,4,0,4,0,4,0,4,0,4,0,4,0,4,0,4,0,4,0,4,0,4,1,3,0,4,0,4,0,4,2,2
IShellBrowserImpl::Release,0,5,0,5,0,5,0,5,0,5,0,5,0,5,0,5,0,5,1,4,0,5,1,4,0,5,0,5,0,5,3,2
IShellBrowserImpl::RemoveMenusSB,0,4,0,3,0,3,0,4,0,4,0,4,0,4,0,4,0,4,0,3,1,3,1,3,0,4,0,4,0,4,1,3
IShellBrowserImpl::SetMenuSB,0,4,0,3,0,3,0,4,0,4,0,4,0,4,0,4,0,4,0,3,1,3,1,3,0,4,0,4,0,4,1,3
IShellBrowserImpl::SetStatusTextSB,0,5,0,4,0,4,0,5,0,5,0,5,0,5,0,5,0,5,0,4,0,5,1,4,0,5,0,5,0,5,2,2
IShellBrowserImpl::SetToolbarItems,0,5,0,5,0,4,0,4,0,5,0,5,0,5,0,5,0,5,0,4,0,5,1,4,0,5,1,4,0,5,2,2
IShellBrowserImpl::TranslateAcceleratorSB,0,5,0,4,0,4,0,5,0,5,0,5,0,5,0,5,0,5,0,4,1,4,1,4,0,5,0,5,0,5,1,3
IShellBrowserImpl::~IShellBrowserImpl,0,5,0,5,0,5,0,5,0,5,0,5,0,5,0,5,0,5,1,4,1,4,1,4,0,5,0,5,0,5,3,1
ListSort::CompareFunc,0,3,0,3,0,3,0,3,0,3,1,2,0,3,0,3,0,3,0,3,0,3,0,3,0,3,0,3,0,3,2,1
ListSort::ListSort,0,4,0,4,0,4,0,4,0,4,1,3,0,4,0,4,0,4,0,4,1,3,0,3,0,4,0,4,0,4,2,2
ListSort::sort,0,2,0,2,0,2,0,2,0,2,0,2,0,2,0,2,0,2,0,2,0,2,0,2,0,2,0,2,0,2,1,1
ListSort::toggle_sort,0,2,0,2,0,2,0,2,0,2,0,2,0,2,0,2,0,2,0,2,0,2,0,2,0,2,0,2,0,2,1,1
MainFrameBase::Command,0,7,0,7,1,6,0,6,0,7,0,7,1,6,1,6,2,5,0,7,0,7,1,6,0,7,0,7,0,7,4,2
MainFrameBase::Create,0,7,0,7,0,7,0,7,0,7,0,7,0,7,0,7,1,6,1,6,0,7,0,7,0,7,0,7,0,7,4,3
MainFrameBase::FillBookmarks,0,5,0,4,0,5,0,5,0,5,1,4,0,4,0,5,0,5,0,5,0,4,0,5,0,5,1,4,1,3,0,5
MainFrameBase::frame_get_clientspace,0,5,0,5,0,5,0,4,0,5,0,5,0,5,0,5,1,2,0,5,0,5,0,5,0,5,0,5,0,5,2,3
MainFrameBase::fullscreen_move,0,7,0,7,1,6,0,6,0,7,0,7,0,7,0,7,3,2,0,7,0,7,0,7,0,7,0,7,0,7,4,3
MainFrameBase::go_to,0,7,0,7,0,7,0,7,0,7,0,7,0,7,0,7,0,7,0,7,0,7,0,7,0,7,0,7,0,7,4,3
MainFrameBase::MainFrameBase,0,7,0,7,0,7,0,7,0,7,0,7,0,7,0,7,1,6,1,6,0,7,0,7,0,7,0,7,0,7,4,3
MainFrameBase::Notify,0,7,0,7,0,7,1,6,0,7,0,7,0,7,0,7,2,2,0,7,0,7,0,7,0,7,0,7,0,7,3,4
MainFrameBase::OpenShellFolders,0,7,0,7,0,7,0,7,0,7,1,6,0,7,0,7,0,7,1,6,3,3,2,5,0,7,0,7,0,7,2,4
MainFrameBase::ProcessMessage,0,7,0,7,0,7,0,7,0,7,0,7,0,7,0,7,1,4,0,7,0,7,0,7,0,7,0,7,0,7,4,3
MainFrameBase::resize_frame,0,7,0,7,0,7,1,6,0,7,0,7,0,7,0,7,6,1,0,7,0,7,0,7,0,7,0,7,0,7,1,6
MainFrameBase::resize_frame_client,0,7,0,7,0,7,2,5,0,7,0,7,0,7,0,7,6,1,0,7,0,7,0,7,0,7,0,7,0,7,2,5
MainFrameBase::toggle_child,1,6,0,7,0,7,0,7,0,6,0,7,0,6,0,7,2,4,0,6,0,7,0,7,0,7,0,7,0,7,3,2
MainFrameBase::toggle_fullscreen,0,7,0,7,0,6,0,6,0,7,0,7,0,7,0,7,6,0,0,7,0,7,0,7,0,7,0,7,0,7,0,6
MainFrameBase::TranslateMsg,0,7,0,7,0,7,0,7,0,7,0,7,0,7,0,7,0,7,0,7,0,7,0,7,0,7,0,7,0,7,5,1
MainFrameBase::WndProc,0,6,0,6,0,6,0,6,0,6,0,6,0,6,0,6,0,6,1,5,0,6,0,6,0,6,0,6,0,6,4,2
MainFrameBase::~MainFrameBase,0,7,0,7,0,7,0,7,0,7,0,7,0,7,0,7,0,7,1,6,0,7,0,7,0,7,0,7,0,7,4,2
MDIMainFrame::activate_child_window,0,1,0,1,0,1,0,1,0,1,0,1,0,1,0,1,0,1,0,1,0,1,0,1,0,1,0,1,0,1,1,0
MDIMainFrame::activate_drive_window,0,1,0,1,0,1,0,1,0,1,0,1,0,1,0,1,0,1,0,1,0,1,0,1,0,1,0,1,0,1,1,0
MDIMainFrame::Command,0,1,0,1,0,1,0,1,0,1,0,1,0,1,0,1,0,1,0,1,0,1,0,1,0,1,0,1,0,1,1,0
MDIMainFrame::Create,0,2,0,2,0,2,0,2,0,2,0,2,0,2,0,2,0,2,0,2,0,2,0,2,0,2,0,2,0,2,2,0
MDIMainFrame::CreateChild,0,2,0,2,0,2,0,2,0,2,0,2,0,2,0,2,0,2,0,2,0,2,0,2,0,2,0,2,0,2,1,1
MDIMainFrame::frame_get_clientspace,0,1,0,1,0,1,0,1,0,1,0,1,0,1,0,1,0,1,0,1,0,1,0,1,0,1,0,1,0,1,0,1
MDIMainFrame::go_to,0,1,0,1,0,1,0,1,0,1,0,1,0,1,0,1,0,1,0,1,0,1,0,1,0,1,0,1,0,1,0,1
MDIMainFrame::MDIMainFrame,0,2,0,2,0,2,0,2,0,2,0,2,0,2,0,2,0,2,0,2,0,2,0,2,0,2,0,2,0,2,2,0
MDIMainFrame::resize_frame,0,1,0,1,0,1,0,1,0,1,0,1,0,1,0,1,1,0,0,1,0,1,0,1,0,1,0,1,0,1,0,1
MDIMainFrame::TranslateMsg,0,1,0,1,0,1,0,1,0,1,0,1,0,1,0,1,0,1,0,1,0,1,0,1,0,1,0,1,0,1,1,0
MDIMainFrame::WndProc,0,1,0,1,0,1,0,1,0,1,0,1,0,1,0,1,0,1,0,1,0,1,0,1,0,1,0,1,0,1,1,0
MdiSdiDlg::Command,0,2,0,2,0,2,0,2,0,2,0,2,0,2,0,2,0,2,0,2,0,2,0,2,0,2,0,2,0,2,2,0
MdiSdiDlg::MdiSdiDlg,0,2,0,2,0,2,0,2,0,2,0,2,0,2,0,2,0,2,0,2,0,2,0,2,0,2,0,2,0,2,2,0
MDIShellBrowserChild::create,0,5,0,5,0,5,0,5,0,5,0,4,0,5,0,5,0,4,0,4,0,4,0,4,0,5,0,5,0,5,3,1
MDIShellBrowserChild::entry_selected,0,5,0,5,0,5,0,5,0,5,1,3,0,5,0,5,0,5,0,5,0,4,0,4,0,5,0,5,0,5,3,0
MDIShellBrowserChild::Init,0,6,0,6,0,6,0,6,0,6,0,4,0,6,0,6,0,6,0,6,0,3,0,5,0,6,0,6,0,6,4,1
MDIShellBrowserChild::jump_to_int,0,6,0,6,0,6,0,6,0,6,0,4,0,6,0,6,0,6,0,6,1,4,0,4,0,6,0,6,0,6,2,3
MDIShellBrowserChild::MDIShellBrowserChild,0,6,0,6,0,6,0,6,0,6,0,4,0,6,0,6,0,6,0,5,1,3,0,4,0,6,0,5,0,6,3,2
MDIShellBrowserChild::update_shell_browser,0,5,0,5,0,5,0,5,0,5,0,4,0,5,0,5,0,5,0,5,0,4,1,3,0,5,0,5,0,5,4,0
MDIShellBrowserChild::WndProc,0,5,0,5,0,5,0,5,0,5,0,4,0,5,0,5,0,5,0,5,0,4,0,4,0,5,0,5,0,5,4,0
NotifyArea::CancelModes,0,1,0,1,0,1,0,1,0,1,0,1,0,1,0,1,0,1,0,1,0,1,0,1,0,1,0,1,0,1,0,1
NotifyArea::Command,0,1,0,1,0,1,0,1,1,0,0,1,0,1,0,1,0,1,0,1,0,1,0,1,0,1,0,1,0,1,0,1
NotifyArea::Create,0,1,0,1,0,1,0,1,0,1,0,1,0,1,0,1,0,1,0,1,0,1,0,1,0,1,0,1,0,1,0,1
NotifyArea::DetermineHideState,0,1,0,1,0,1,0,1,0,1,0,1,0,1,0,1,0,1,0,1,0,1,0,1,0,1,0,1,0,1,0,1
NotifyArea::IconHitTest,0,1,0,1,0,1,0,1,0,1,0,1,0,1,0,1,0,1,0,1,0,1,0,1,0,1,0,1,0,1,0,1
NotifyArea::Init,0,1,0,1,0,1,0,1,0,1,0,1,0,1,0,1,0,1,0,1,0,1,0,1,0,1,0,1,0,1,0,1
NotifyArea::Notify,0,1,0,1,0,1,0,1,0,1,0,1,0,1,0,1,0,1,0,1,0,1,0,1,0,1,0,1,0,1,0,1
NotifyArea::NotifyArea,0,2,0,2,0,2,0,2,1,1,0,2,0,2,0,2,0,2,0,2,0,2,0,2,0,2,1,1,0,2,1,0
NotifyArea::Paint,0,1,0,1,0,1,0,1,0,1,0,1,0,1,0,1,0,1,0,1,0,1,0,1,0,1,0,1,0,1,0,1
NotifyArea::ProcessTrayNotification,0,1,0,1,0,1,0,1,0,1,0,1,0,1,0,1,0,1,0,1,0,1,0,1,0,1,0,1,0,1,0,1
NotifyArea::read_config,0,1,0,1,0,1,0,1,1,0,0,1,0,1,0,1,0,1,0,1,0,1,0,1,0,1,0,1,0,1,0,1
NotifyArea::Refresh,0,1,0,1,0,1,0,1,0,0,0,1,0,1,0,1,0,1,0,1,0,1,0,1,0,1,0,1,0,1,0,1
NotifyArea::show_clock,0,1,0,1,0,1,0,1,1,0,0,1,0,1,0,1,0,1,0,1,0,1,0,1,0,1,0,1,0,1,0,1
NotifyArea::UpdateIcons,0,1,0,0,0,1,0,1,0,1,0,1,0,1,0,1,0,1,0,1,0,1,0,1,0,1,0,1,0,1,0,1
NotifyArea::WndProc,0,1,0,1,0,1,0,1,1,0,0,1,0,1,0,1,0,1,0,1,0,1,0,1,0,1,0,1,0,1,0,1
NotifyArea::write_config,0,1,0,1,0,1,0,1,0,1,0,1,0,1,0,1,0,1,0,1,0,1,0,1,0,1,0,1,0,1,0,1
NotifyArea::~NotifyArea,0,1,0,1,0,1,0,1,1,0,0,1,0,1,0,1,0,1,0,1,0,1,0,1,0,1,0,0,0,1,0,0
NotifyHook::GetModulePath,0,0,0,0,0,0,0,0,0,0,0,0,0,0,0,0,0,0,0,0,0,0,0,0,0,0,0,0,0,0,0,0
NotifyHook::ModulePathCopyData,0,0,0,0,0,0,0,0,0,0,0,0,0,0,0,0,0,0,0,0,0,0,0,0,0,0,0,0,0,0,0,0
NotifyHook::NotifyHook,0,1,0,1,0,1,0,1,0,1,0,1,0,1,0,1,0,1,0,1,0,1,0,1,0,1,0,1,0,1,0,1
NotifyHook::~NotifyHook,0,0,0,0,0,0,0,0,0,0,0,0,0,0,0,0,0,0,0,0,0,0,0,0,0,0,0,0,0,0,0,0
NotifyIconConfig::create_name,0,0,0,0,0,0,0,0,0,0,0,0,0,0,0,0,0,0,0,0,0,0,0,0,0,0,0,0,0,0,0,0
NotifyIconConfig::match,0,0,0,0,0,0,0,0,0,0,0,0,0,0,0,0,0,0,0,0,0,0,0,0,0,0,0,0,0,0,0,0
NotifyIconConfig::NotifyIconConfig,0,0,0,0,0,0,0,0,0,0,0,0,0,0,0,0,0,0,0,0,0,0,0,0,0,0,0,0,0,0,0,0
NotifyIconDlgInfo::NotifyIconDlgInfo,0,3,0,3,0,3,0,3,1,2,0,3,0,3,0,3,0,3,0,3,0,3,0,3,0,3,1,2,0,3,1,2
NotifyIconIndex::NotifyIconIndex,0,2,0,2,0,2,0,2,0,2,0,2,0,2,0,2,0,2,0,2,0,2,0,2,0,2,0,2,0,2,2,0
NotifyInfo::modify,0,1,0,1,0,1,1,0,1,0,0,1,0,1,0,1,0,1,0,1,0,1,0,1,0,1,0,1,0,1,0,1
NotifyInfo::NotifyInfo,0,1,0,1,0,1,1,0,1,0,0,1,0,1,0,1,0,1,0,1,0,1,0,1,0,1,0,1,0,1,0,1
NTDLL::NTDLL,0,4,0,4,0,4,0,4,0,4,0,4,0,4,0,4,0,4,0,4,1,3,0,4,0,4,0,4,0,4,3,1
NtObjChildWndInfo::NtObjChildWndInfo,0,0,0,0,0,0,0,0,0,0,0,0,0,0,0,0,0,0,0,0,0,0,0,0,0,0,0,0,0,0,0,0
NtObjDirectory::find_entry,0,6,0,6,0,6,0,6,0,6,0,6,0,6,0,6,0,6,0,6,4,2,0,6,0,6,0,6,0,6,1,5
NtObjDirectory::NtObjDirectory,0,6,0,6,0,6,0,6,0,6,0,6,1,5,0,6,1,5,0,6,6,0,0,5,0,6,0,6,0,6,1,5
NtObjDirectory::read_directory,0,6,0,6,0,6,0,6,0,6,0,6,0,6,0,6,0,6,0,6,6,0,0,6,0,6,0,6,0,6,1,5
NtObjDirectory::~NtObjDirectory,0,6,0,6,0,6,0,6,0,6,0,6,0,6,0,6,0,6,0,6,5,1,0,5,0,6,0,6,0,6,1,5
NtObjEntry::get_path,0,0,0,0,0,0,0,0,0,0,0,0,0,0,0,0,0,0,0,0,0,0,0,0,0,0,0,0,0,0,0,0
NtObjEntry::launch_entry,0,0,0,0,0,0,0,0,0,0,0,0,0,0,0,0,0,0,0,0,0,0,0,0,0,0,0,0,0,0,0,0
NtObjEntry::NtObjEntry,0,0,0,0,0,0,0,0,0,0,0,0,0,0,0,0,0,0,0,0,0,0,0,0,0,0,0,0,0,0,0,0
OleInit::OleInit,0,1,0,1,0,1,0,1,0,1,0,1,0,1,0,1,0,1,0,1,0,1,0,1,0,1,0,1,0,1,1,0
OleInit::~OleInit,0,1,0,1,0,1,0,1,0,1,0,1,0,1,0,1,0,1,0,1,0,1,0,1,0,1,0,1,0,1,1,0
OleInPlaceClient::attach,0,2,0,2,0,2,0,2,0,2,0,2,0,2,0,2,0,2,0,2,0,2,0,2,0,2,0,2,0,2,1,0
OleInPlaceClient::attach_control,0,2,0,2,0,2,0,2,0,2,0,2,0,2,0,2,0,2,0,2,0,2,0,2,0,2,0,2,0,2,1,0
OleInPlaceClient::CanInPlaceActivate,0,2,0,2,0,2,0,2,0,2,0,2,0,2,0,2,0,2,0,2,0,2,0,2,0,2,0,2,0,2,1,0
OleInPlaceClient::ContextSensitiveHelp,0,2,0,2,0,2,0,2,0,2,0,2,0,2,0,2,0,2,0,2,0,2,0,2,0,2,0,2,0,2,1,0
OleInPlaceClient::DeactivateAndUndo,0,2,0,2,0,2,0,2,0,2,0,2,0,2,0,2,0,2,0,2,0,2,0,2,0,2,0,2,0,2,1,0
OleInPlaceClient::detach,0,2,0,2,0,2,0,2,0,2,0,2,0,2,0,2,0,2,0,2,0,2,0,2,0,2,0,2,0,2,1,0
OleInPlaceClient::DiscardUndoState,0,2,0,2,0,2,0,2,0,2,0,2,0,2,0,2,0,2,0,2,0,2,0,2,0,2,0,2,0,2,1,0
OleInPlaceClient::GetContainer,0,2,0,2,0,2,0,2,0,2,0,2,0,2,0,2,0,2,0,2,0,2,0,2,0,2,0,2,0,2,1,0
OleInPlaceClient::GetMoniker,0,2,0,2,0,2,0,2,0,2,0,2,0,2,0,2,0,2,0,2,0,2,0,2,0,2,0,2,0,2,0,1
OleInPlaceClient::GetWindow,0,2,0,2,0,2,0,2,0,2,0,2,0,2,0,2,0,2,0,2,0,2,0,2,0,2,0,2,0,2,1,0
OleInPlaceClient::GetWindowContext,0,2,0,2,0,2,0,2,0,2,0,2,0,2,0,2,0,2,0,2,0,2,0,2,0,2,0,2,0,2,1,0
OleInPlaceClient::OleInPlaceClient,0,3,0,4,0,4,0,3,0,4,0,4,0,4,0,4,0,4,0,4,0,4,0,4,0,4,0,4,0,4,1,0
OleInPlaceClient::OnInPlaceActivate,0,2,0,2,0,2,0,2,0,2,0,2,0,2,0,2,0,2,0,2,0,2,0,2,0,2,0,2,0,2,1,0
OleInPlaceClient::OnInPlaceDeactivate,0,3,0,3,0,3,0,3,0,3,0,3,0,3,0,3,0,2,0,3,0,2,0,3,0,3,0,3,0,2,1,1
OleInPlaceClient::OnPosRectChange,0,2,0,2,0,2,0,2,0,2,0,2,0,2,0,2,0,2,0,2,0,2,0,2,0,2,0,2,0,2,1,0
OleInPlaceClient::OnShowWindow,0,2,0,2,0,2,0,2,0,2,0,2,0,2,0,2,0,2,0,2,0,2,0,2,0,2,0,2,0,2,1,0
OleInPlaceClient::OnUIActivate,0,2,0,2,0,2,0,2,0,2,0,2,0,2,0,2,0,2,0,2,0,2,0,2,0,2,0,2,0,2,1,0
OleInPlaceClient::OnUIDeactivate,0,3,0,3,0,3,0,3,0,3,0,3,0,3,0,3,0,3,0,3,0,3,0,3,0,3,0,3,0,3,1,1
OleInPlaceClient::QueryInterface,0,2,0,2,0,2,0,2,0,2,0,2,0,2,0,2,0,2,0,2,0,2,0,2,0,2,0,2,0,2,1,0
OleInPlaceClient::RequestNewObjectLayout,0,2,0,2,0,2,0,2,0,2,0,2,0,2,0,2,0,2,0,2,0,2,0,2,0,2,0,2,0,2,1,0
OleInPlaceClient::SaveObject,0,3,0,3,0,3,0,3,0,3,0,3,0,3,0,3,0,3,0,3,0,2,0,3,0,3,0,3,0,3,0,2
OleInPlaceClient::Scroll,0,3,0,3,0,3,0,3,0,3,0,3,0,3,0,3,0,3,0,3,0,3,0,3,0,3,0,3,0,3,1,1
OleInPlaceClient::ShowObject,0,2,0,2,0,2,0,2,0,2,0,2,0,2,0,2,0,2,0,2,0,2,0,2,0,2,0,2,0,2,1,0
OleInPlaceClient::STDMETHODIMP_,0,2,0,2,0,2,0,2,0,2,0,2,0,2,0,2,0,2,0,2,0,2,0,2,0,2,0,2,0,2,1,0
OutputWorker::init_output,1,2,0,3,0,3,0,3,0,3,0,3,0,3,0,3,0,3,0,3,0,3,1,2,0,3,0,3,0,3,2,2
OutputWorker::OutputWorker,1,2,0,3,0,3,0,3,0,3,0,3,0,3,0,3,0,3,0,3,0,3,1,2,0,3,0,3,0,3,2,2
OutputWorker::output_number,1,2,0,3,0,3,0,3,0,3,0,3,1,2,0,3,0,3,0,3,0,3,1,2,0,3,0,3,0,4,2,2
OutputWorker::output_tabbed_text,1,2,0,3,0,3,0,3,0,3,0,3,0,3,0,3,0,3,0,3,0,3,1,2,0,3,0,3,0,4,2,2
OutputWorker::output_text,1,2,0,3,0,3,0,3,0,3,0,3,0,3,0,3,0,3,0,3,0,3,1,2,0,3,0,3,0,3,2,2
OwnerdrawnButton::DrawItem,0,1,0,2,0,2,0,1,0,2,0,2,0,2,0,2,0,1,0,2,0,2,0,2,0,2,0,2,0,2,1,1
OwnerdrawnButton::OwnerdrawnButton,0,1,0,2,0,2,0,1,0,2,0,2,0,2,0,2,0,1,0,2,0,2,0,2,0,2,0,2,0,2,1,1
OwnerdrawnButton::WndProc,0,1,0,2,0,2,0,1,0,2,0,2,0,2,0,2,0,1,0,2,0,2,0,2,0,2,0,2,0,2,1,1
OwnerDrawParent::OwnerDrawParent,0,0,0,0,0,0,0,0,0,0,0,0,0,0,0,0,0,0,0,0,0,0,0,0,0,0,0,0,0,0,0,0
OwnerDrawParent::WndProc,0,0,0,0,0,0,0,0,0,0,0,0,0,0,0,0,0,0,0,0,0,0,0,0,0,0,0,0,0,0,0,0
Pane::calc_single_width,0,5,0,5,0,6,0,6,0,6,0,7,0,5,1,6,1,5,0,6,0,7,0,7,0,7,0,5,0,7,3,2
Pane::calc_tabbed_width,0,3,0,3,0,2,0,3,0,4,0,4,0,3,1,3,1,2,1,2,0,4,0,4,0,4,0,3,1,3,1,3
Pane::calc_width,0,3,0,3,0,3,0,3,0,4,0,4,0,3,0,4,1,2,1,2,0,4,0,4,0,4,0,3,0,4,2,2
Pane::calc_widths,0,5,0,5,0,6,0,6,0,6,0,7,0,6,1,6,2,4,0,6,0,7,0,7,0,7,0,5,0,7,2,2
Pane::command,0,4,0,4,1,3,0,4,0,5,0,5,0,4,0,4,1,1,1,3,0,4,0,5,0,5,0,4,0,5,1,2
Pane::create_header,0,6,0,6,0,6,0,6,0,7,0,7,0,7,1,5,1,5,1,5,0,7,0,7,0,7,0,7,0,7,2,4
Pane::draw_item,0,3,0,3,0,3,0,3,0,3,0,4,0,3,0,4,0,3,0,2,1,2,0,4,0,4,0,3,0,4,0,3
Pane::get_frame,0,3,0,3,0,2,0,3,0,4,0,4,0,3,0,4,0,3,1,3,0,4,0,4,0,4,0,3,0,4,2,1
Pane::init,0,5,0,5,0,6,0,5,0,6,0,7,0,6,0,6,0,5,1,5,0,7,0,7,0,7,0,5,1,6,5,1
Pane::insert_entries,0,4,0,4,0,4,0,5,0,5,0,5,0,4,0,5,0,5,0,3,1,3,0,5,0,4,0,4,0,5,1,4
Pane::Notify,0,3,0,3,0,2,0,3,0,4,0,4,0,3,0,4,0,1,1,2,0,4,0,4,0,4,0,3,0,4,1,2
Pane::Pane,0,5,0,5,0,6,0,5,0,5,0,6,0,5,1,5,0,6,0,6,0,6,0,7,0,7,0,6,0,7,4,1
Pane::set_header,0,6,0,6,0,6,0,6,0,7,0,7,0,7,1,5,0,6,1,5,0,6,0,7,0,7,0,7,0,7,2,4
Pane::WndProc,0,3,0,3,1,2,0,3,0,4,0,4,0,3,0,4,0,3,1,2,0,4,0,4,0,4,0,3,0,4,1,1
Pane::~Pane,0,6,0,6,0,7,0,6,0,6,0,7,0,6,0,6,0,7,1,6,0,7,0,7,0,7,0,6,0,7,5,1
PictureButton::DrawItem,1,4,2,1,0,6,0,6,0,6,0,6,0,6,0,6,0,6,0,6,0,6,0,6,0,6,0,6,0,6,1,3
PictureButton::PictureButton,2,4,0,3,0,7,0,7,0,7,0,7,0,7,0,7,0,7,0,7,0,7,0,7,1,6,0,6,0,7,2,4
PIDList::GetData,0,1,0,1,0,1,0,1,0,1,0,1,0,1,0,1,0,1,0,1,0,1,0,1,0,1,0,1,0,1,0,1
PIDList::operator LPIDA,0,1,0,1,0,1,0,1,0,1,0,1,0,1,0,1,0,1,0,1,0,1,0,1,0,1,0,1,0,1,0,1
PIDList::PIDList,0,1,0,1,0,1,0,1,0,1,0,1,0,1,0,1,0,1,0,1,0,1,0,1,0,1,0,1,0,1,0,1
PIDList::~PIDList,0,1,0,1,0,1,0,1,0,1,0,1,0,1,0,1,0,1,0,1,0,1,0,1,0,1,0,1,0,1,0,1
PreTranslateWindow::PreTranslateWindow,0,0,0,0,0,0,0,0,0,0,0,0,0,0,0,0,0,0,0,0,0,0,0,0,0,0,0,0,0,0,0,0
PreTranslateWindow::~PreTranslateWindow,0,0,0,0,0,0,0,0,0,0,0,0,0,0,0,0,0,0,0,0,0,0,0,0,0,0,0,0,0,0,0,0
PropertySheetDialog::add,0,1,0,1,0,1,0,1,0,1,0,1,0,1,0,1,0,1,0,1,0,1,0,1,0,1,0,1,0,1,1,0
PropertySheetDialog::DoModal,0,1,0,1,0,1,0,1,0,1,0,1,0,1,0,1,0,1,0,1,0,1,0,1,0,1,0,1,0,1,1,0
PropertySheetDialog::GetCurrentPage,0,1,0,1,0,1,0,1,0,1,0,1,0,1,0,1,0,1,0,1,0,1,0,1,0,1,0,1,0,1,1,0
PropertySheetDialog::PropertySheetDialog,0,1,0,1,0,1,0,1,0,1,0,1,0,1,0,1,0,1,0,1,0,1,0,1,0,1,0,1,0,1,1,0
PropSheetPage::init,0,4,0,4,0,4,0,4,0,4,0,4,0,4,0,4,0,4,0,4,0,4,0,4,0,4,0,4,0,4,1,2
PropSheetPage::PropSheetPage,0,4,0,4,0,4,0,4,0,4,0,4,0,4,0,4,0,4,0,4,0,4,0,4,0,4,0,4,0,4,1,3
PropSheetPageDlg::Command,0,1,0,1,0,1,0,1,0,1,0,1,0,1,0,1,0,1,0,1,0,1,0,1,0,1,0,1,0,1,1,0
PropSheetPageDlg::DialogProc,0,1,0,1,0,1,0,1,0,1,0,1,1,0,1,0,1,0,0,1,0,0,0,1,0,1,0,0,0,1,0,1
PropSheetPageDlg::PropSheetPageDlg,0,1,0,1,0,1,0,1,0,1,0,1,1,0,1,0,0,1,0,1,0,1,0,1,0,1,1,0,0,1,0,1
QuickLaunchBar::AddButton,0,6,0,5,0,6,0,6,0,6,0,6,5,1,1,5,0,6,1,5,0,5,0,6,0,5,0,6,0,6,0,6
QuickLaunchBar::AddShortcuts,0,5,0,5,0,5,0,5,0,5,0,5,5,0,0,5,0,5,1,4,0,5,0,5,0,5,1,4,0,5,0,5
QuickLaunchBar::Command,0,4,0,4,0,4,0,4,0,4,1,3,3,1,0,4,0,4,0,4,0,4,1,3,0,4,0,4,0,4,0,3
QuickLaunchBar::Create,0,4,1,3,0,4,0,4,0,4,0,4,4,0,1,3,0,4,1,3,0,4,0,4,0,4,0,4,1,3,0,4
QuickLaunchBar::Notify,0,4,0,4,0,4,0,4,0,4,0,4,3,1,0,4,0,4,1,2,0,4,0,4,0,4,1,3,1,3,0,3
QuickLaunchBar::QuickLaunchBar,0,5,0,4,1,4,0,4,0,5,0,5,4,1,0,5,0,5,1,3,0,4,0,5,0,5,0,4,0,5,0,5
QuickLaunchBar::UpdateDesktopButtons,0,6,0,5,0,5,0,6,0,6,0,6,5,1,0,6,0,6,0,6,0,5,0,6,0,5,0,6,0,6,1,4
QuickLaunchBar::WndProc,0,4,0,4,0,4,0,4,0,4,0,4,3,1,0,4,1,3,1,3,0,4,0,4,0,4,1,3,0,4,0,2
QuickLaunchBar::~QuickLaunchBar,0,4,0,3,1,3,0,4,0,4,0,4,4,0,0,4,0,4,1,3,0,4,0,4,0,4,0,4,0,4,0,3
QuickLaunchEntry::QuickLaunchEntry,0,2,0,2,0,1,1,1,0,2,0,2,1,1,2,0,0,2,0,2,0,2,0,2,1,1,1,1,0,2,0,2
QuickLaunchMap::~QuickLaunchMap,0,3,0,3,0,2,1,2,0,3,0,3,3,0,1,2,0,3,0,3,0,3,0,3,1,2,0,3,0,3,0,2
RecentStartMenu::AddEntries,1,0,0,1,0,1,0,1,0,1,0,1,0,1,0,1,0,1,0,1,0,1,0,1,0,1,0,1,0,1,0,1
RecentStartMenu::RecentStartMenu,1,0,0,1,0,1,0,1,0,1,0,1,0,1,0,1,0,1,0,1,0,1,0,1,0,1,0,1,0,1,0,1
RegDirectory::find_entry,0,2,1,1,0,2,0,2,1,1,0,2,0,2,0,2,0,2,0,2,0,1,0,2,0,2,1,1,0,2,0,1
RegDirectory::get_next_path_component,0,2,1,1,0,2,0,2,1,1,0,2,0,2,0,2,0,2,0,2,0,2,0,2,0,2,1,1,0,2,0,1
RegDirectory::read_directory,0,2,1,1,0,2,0,2,1,1,0,2,0,2,0,2,0,2,0,2,1,1,0,2,0,2,1,1,0,2,1,1
RegDirectory::RegDirectory,0,2,1,1,0,2,0,2,1,1,0,2,0,2,0,2,0,2,0,2,1,1,0,2,0,2,1,1,0,2,1,1
RegDirectory::~RegDirectory,0,1,1,0,0,1,0,1,1,0,0,1,0,1,0,1,0,1,0,1,0,1,0,1,0,1,1,0,0,1,0,1
RegEntry::get_path,1,0,0,0,1,0,1,0,1,0,0,0,1,0,1,0,0,0,1,0,0,1,1,0,0,0,0,0,1,0,0,1
RegEntry::launch_entry,0,1,0,1,0,1,0,1,0,1,0,1,0,1,0,1,0,1,0,1,0,1,0,1,0,1,0,1,0,1,0,1
RegEntry::RegEntry,1,0,0,0,1,0,1,0,1,0,0,0,1,0,1,0,0,0,1,0,0,1,1,0,0,0,0,0,1,0,0,1
RegistryChildWndInfo::RegistryChildWndInfo,0,0,0,0,0,0,0,0,0,0,0,0,0,0,0,0,0,0,0,0,0,0,0,0,0,0,0,0,0,0,0,0
RegistryRoot::read_directory,0,3,0,3,0,3,0,3,0,3,0,3,0,3,0,3,0,3,0,3,0,2,0,3,0,3,0,3,1,2,1,2
RegistryRoot::RegistryRoot,0,3,0,3,0,3,0,3,0,3,0,3,0,3,0,3,0,3,0,3,1,2,0,3,0,3,0,3,1,2,1,2
RegistryRoot::~RegistryRoot,0,3,0,3,0,3,0,3,0,3,0,3,0,3,0,3,0,3,0,3,0,2,0,3,0,3,0,3,1,2,1,2
ResBitmap::operator HBITMAP,0,1,0,1,0,1,0,1,0,1,0,1,0,1,0,1,0,1,0,1,0,1,0,1,0,1,0,1,0,1,1,0
ResBitmap::ResBitmap,0,1,0,1,0,1,0,1,0,1,0,1,0,1,0,1,0,1,0,1,0,1,0,1,0,1,0,1,0,1,1,0
ResBitmap::~ResBitmap,0,1,0,1,0,1,0,1,0,1,0,1,0,1,0,1,0,1,0,1,0,1,0,1,0,1,0,1,0,1,1,0
ResIcon::operator HICON,0,1,1,0,0,0,0,1,0,1,0,1,0,0,0,1,0,1,0,0,0,1,0,1,0,1,0,0,0,1,0,1
ResIcon::ResIcon,0,1,1,0,0,0,0,1,0,1,0,1,0,0,0,1,0,1,0,0,0,1,0,1,0,1,0,0,0,1,0,1
ResIconEx::operator HICON,0,1,0,1,0,1,0,1,0,1,0,1,0,1,0,1,0,1,0,1,0,1,0,1,0,1,0,1,0,1,1,0
ResIconEx::ResIconEx,0,1,0,1,0,1,0,1,0,1,0,1,0,1,0,1,0,1,0,1,0,1,0,1,0,1,0,1,0,1,1,0
ResizeController::GetClientSpace,0,2,0,2,0,2,0,2,0,2,0,2,0,2,0,2,0,1,0,2,0,2,0,2,0,2,0,2,0,2,0,1
ResizeController::ResizeController,0,3,0,3,0,3,2,1,0,3,0,3,0,3,0,3,3,0,0,3,0,3,0,3,0,3,0,3,0,3,0,2
ResizeController::WndProc,0,3,0,3,0,3,1,2,0,3,0,3,0,3,0,3,3,0,0,3,0,3,0,3,0,3,0,3,0,3,0,2
ResizeEntry::ResizeEntry,0,0,0,0,0,0,0,0,0,0,0,0,0,0,0,0,0,0,0,0,0,0,0,0,0,0,0,0,0,0,0,0
ResizeManager::Add,0,3,0,3,0,3,2,1,0,3,0,3,0,3,0,3,2,1,0,3,0,3,0,3,0,3,0,3,0,3,0,3
ResizeManager::HandleSize,0,2,0,2,0,2,2,0,0,2,0,2,0,2,0,2,2,0,0,2,0,2,0,2,0,2,0,2,0,2,0,2
ResizeManager::Resize,0,3,0,3,0,3,2,1,0,3,0,3,0,3,0,3,3,0,0,3,0,3,0,3,0,3,0,3,0,3,0,3
ResizeManager::ResizeManager,0,4,0,4,0,4,2,2,0,4,0,4,0,4,0,4,3,1,0,4,0,4,0,4,0,4,0,4,0,4,1,3
ResizeManager::SetMinMaxInfo,0,2,0,2,0,2,2,0,0,2,0,2,0,2,0,2,2,0,0,2,0,2,0,2,0,2,0,2,0,2,0,2
ResString::ResString,0,0,0,0,0,0,0,0,0,0,0,0,0,0,0,0,0,0,0,0,0,0,0,0,0,0,0,0,0,0,0,0
Root::read_tree,0,3,0,3,0,3,0,3,0,3,0,3,0,3,0,3,0,3,0,3,2,1,0,3,0,3,0,3,0,3,1,2
Root::Root,0,2,0,2,0,2,0,2,0,2,0,2,0,2,0,2,0,2,0,2,1,1,0,2,0,2,0,2,0,2,1,1
Root::~Root,0,2,0,2,0,2,0,2,0,2,0,2,0,2,0,2,0,2,0,2,1,1,0,2,0,2,0,2,0,2,1,1
SDIMainFrame::Command,0,6,0,6,0,5,0,6,0,6,0,6,0,6,0,6,0,5,1,4,0,6,0,6,0,6,0,6,0,6,4,2
SDIMainFrame::Create,0,5,0,6,0,5,0,6,0,6,0,6,0,6,0,6,0,5,1,3,0,6,0,6,0,6,0,6,0,6,4,2
SDIMainFrame::entry_selected,0,6,0,5,0,5,0,6,0,6,0,5,0,6,0,6,0,5,1,4,1,4,0,6,0,6,0,6,0,6,2,4
SDIMainFrame::jump_to,0,6,0,6,0,5,0,6,0,6,0,6,0,6,0,6,0,5,0,4,0,6,0,6,0,6,0,6,0,6,3,2
SDIMainFrame::resize_children,0,7,0,7,0,6,0,5,0,7,0,7,0,7,0,7,3,2,0,5,0,7,0,7,0,7,0,7,0,7,3,4
SDIMainFrame::resize_frame,0,7,0,7,0,6,0,5,0,7,0,7,0,7,0,7,4,2,0,5,0,7,0,7,0,7,0,7,0,7,3,4
SDIMainFrame::SDIMainFrame,0,5,0,5,0,4,0,5,0,5,0,5,0,5,0,5,0,4,1,3,0,5,0,5,0,5,0,5,0,5,4,1
SDIMainFrame::set_url,0,6,0,6,0,5,0,6,0,6,0,6,0,6,0,6,0,5,0,5,0,5,0,5,0,6,0,6,0,6,2,4
SDIMainFrame::update_clnt_rect,0,6,0,6,0,5,0,6,0,6,0,6,0,6,0,6,0,5,1,4,0,6,0,6,0,6,0,6,0,6,4,2
SDIMainFrame::update_shell_browser,0,6,0,6,0,5,0,6,0,6,0,6,0,6,0,6,0,5,0,4,1,5,0,6,0,6,0,6,0,6,3,3
SDIMainFrame::WndProc,0,6,0,6,0,4,0,5,0,6,0,6,0,6,0,6,0,4,1,3,0,6,0,6,0,6,0,6,0,6,3,3
SearchMenu::AddEntries,0,2,0,2,0,2,0,2,0,2,1,1,0,2,0,2,0,2,0,2,0,2,0,2,1,1,0,2,0,2,0,2
SearchMenu::SearchMenu,2,1,0,2,0,3,1,2,0,3,3,0,0,3,0,3,1,2,0,3,0,3,0,3,1,2,0,3,0,3,0,3
SettingsMenu::AddEntries,2,1,0,3,0,3,0,3,0,3,0,3,0,2,0,3,0,3,0,3,0,2,0,3,0,3,0,2,0,3,1,2
SettingsMenu::SettingsMenu,0,4,0,4,0,4,0,4,1,3,0,4,1,3,0,4,0,4,0,4,1,3,0,4,0,4,1,3,1,3,1,3
ShellBrowser::GetControlWindow,0,4,0,4,0,3,0,4,0,4,0,4,0,4,0,4,0,4,0,4,0,4,0,4,0,4,0,4,0,4,2,2
ShellBrowser::GetWindow,0,3,0,3,0,3,0,3,0,3,0,3,0,3,0,3,0,3,0,3,0,3,0,3,0,3,0,3,0,3,1,1
ShellBrowser::get_image_idx,0,3,0,2,0,3,0,3,0,3,0,3,0,3,0,3,0,3,0,3,0,3,0,3,0,3,0,3,0,3,0,2
ShellBrowser::get_root,0,3,0,3,0,3,0,3,0,3,0,3,0,3,0,3,0,3,0,3,0,3,0,3,0,3,0,3,0,3,1,1
ShellBrowser::Init,0,3,0,3,0,3,0,3,0,3,0,3,0,3,0,3,0,3,0,3,0,2,0,3,1,2,0,3,0,3,1,1
ShellBrowser::InitDragDrop,0,4,0,4,0,4,0,4,0,4,0,4,0,4,0,4,0,4,0,4,2,2,0,4,4,0,0,4,0,4,0,4
ShellBrowser::InitializeTree,0,3,0,2,0,3,0,3,0,3,0,3,0,3,0,3,0,3,0,3,1,2,0,3,0,3,0,3,0,3,1,1
ShellBrowser::InsertSubitems,0,3,0,3,0,3,0,3,0,3,0,3,0,3,0,3,0,3,0,3,1,1,0,3,0,3,0,3,0,3,0,2
ShellBrowser::invalidate_cache,0,3,0,2,0,3,0,3,0,3,0,3,0,3,0,3,0,3,0,3,0,2,0,3,0,3,0,3,0,3,1,2
ShellBrowser::jump_to,0,3,0,3,0,3,0,3,0,3,0,2,0,3,0,3,0,3,0,3,1,1,0,3,0,3,0,3,0,3,0,2
ShellBrowser::jump_to_pidl,0,3,0,3,0,3,0,3,0,3,0,3,0,3,0,3,0,3,0,3,0,2,0,3,0,3,0,3,0,3,1,2
ShellBrowser::MessageSFVCB,0,2,0,2,0,2,0,2,0,2,0,2,0,2,0,2,0,2,0,2,0,2,0,2,0,2,0,2,0,2,0,1
ShellBrowser::OnDefaultCommand,0,3,0,3,0,3,0,3,0,3,0,3,0,3,0,3,0,2,0,3,1,2,0,3,0,3,0,3,0,3,1,1
ShellBrowser::OnTreeGetDispInfo,0,4,0,4,0,4,0,4,0,4,0,4,0,4,0,4,0,4,0,4,1,2,0,4,0,4,0,4,0,4,1,2
ShellBrowser::OnTreeItemExpanding,0,4,0,4,0,4,0,4,0,4,0,4,0,4,0,4,0,4,0,4,0,2,0,4,0,4,0,4,0,4,1,2
ShellBrowser::OnTreeItemRClick,0,4,0,4,0,4,0,4,0,4,0,4,0,4,0,3,0,4,0,4,0,2,0,4,0,4,0,4,0,4,1,2
ShellBrowser::OnTreeItemSelected,0,4,0,4,0,4,0,4,0,4,0,4,0,4,0,4,0,4,0,4,0,2,0,4,0,4,0,4,0,4,1,2
ShellBrowser::QueryActiveShellView,0,3,0,3,0,3,0,3,0,3,0,3,0,3,0,3,0,3,0,3,0,3,0,3,0,3,0,3,0,3,1,1
ShellBrowser::refresh,0,3,0,3,0,3,0,3,0,3,0,3,0,3,0,3,0,3,0,3,0,3,0,3,0,3,0,3,0,3,1,1
ShellBrowser::select_entry,0,3,0,3,0,3,0,3,0,3,0,3,0,3,0,3,0,3,0,2,1,2,0,3,0,3,0,3,0,3,0,2
ShellBrowser::select_folder,0,3,0,3,0,3,0,3,0,3,0,3,0,3,0,3,0,3,0,2,1,2,0,3,0,3,0,3,0,3,0,2
ShellBrowser::SendControlMsg,0,4,0,4,0,4,0,4,0,4,0,4,0,4,0,3,0,4,0,4,0,4,0,4,0,4,0,4,0,4,2,2
ShellBrowser::ShellBrowser,0,4,0,3,0,4,0,4,0,4,0,4,0,4,0,4,0,4,0,4,0,4,0,4,0,4,0,4,0,4,2,2
ShellBrowser::UpdateFolderView,0,3,0,3,0,3,0,3,0,3,0,3,0,3,0,3,0,3,0,3,2,1,0,3,0,3,0,3,0,3,1,2
ShellBrowser::~ShellBrowser,0,4,0,3,0,4,0,4,0,4,0,4,0,4,0,4,0,4,0,4,0,4,0,4,1,3,0,4,0,4,2,2
ShellBrowserChildT::Notify,0,1,0,1,0,1,0,1,0,1,0,1,0,1,0,1,0,1,0,1,0,1,0,1,0,1,0,1,0,1,0,0
ShellBrowserChildT::ShellBrowserChildT,0,1,0,1,0,1,0,1,0,1,0,0,0,1,0,1,0,1,0,1,0,1,0,1,0,1,0,1,0,1,0,0
ShellBrowserChildT::WndProc,0,1,0,1,0,1,0,1,0,1,0,1,0,1,0,1,0,1,0,1,0,1,0,1,0,1,0,1,0,1,0,0
ShellChildWndInfo::ShellChildWndInfo,0,1,0,1,0,1,0,1,0,1,0,1,0,1,0,1,0,1,0,1,0,1,0,1,0,1,0,1,0,1,0,1
ShellDirectory::extract_icons,0,8,1,6,0,8,0,8,0,8,1,7,0,8,0,8,0,8,0,7,2,4,1,7,0,8,0,6,0,8,3,5
ShellDirectory::fill_w32fdata_shell,0,8,0,8,0,8,0,8,0,8,1,7,0,8,0,8,0,8,0,8,4,2,1,7,0,8,0,8,0,8,2,5
ShellDirectory::find_entry,0,10,0,10,0,10,0,10,0,10,2,6,0,10,0,10,0,10,0,10,6,4,2,7,0,10,0,10,0,9,2,8
ShellDirectory::get_next_path_component,0,8,0,8,0,8,0,8,0,8,1,5,0,8,0,8,0,8,0,8,4,3,1,6,0,8,0,8,0,8,3,5
ShellDirectory::get_path,1,7,0,8,0,8,0,8,0,8,1,7,0,8,0,8,1,7,0,8,4,3,1,6,0,8,0,8,0,8,3,5
ShellDirectory::get_shell_folder,0,8,0,8,0,8,0,8,0,8,1,7,0,8,0,8,0,8,0,8,3,4,1,6,0,8,0,8,0,8,4,4
ShellDirectory::read_directory,0,9,0,9,0,9,0,9,0,9,2,5,0,9,0,9,0,9,0,9,8,1,2,7,0,9,0,9,0,9,1,8
ShellDirectory::ShellDirectory,3,8,0,12,0,12,0,12,0,12,1,10,2,10,0,12,0,12,0,12,9,3,2,9,0,12,0,12,0,12,2,8
ShellDirectory::~ShellDirectory,3,4,0,8,0,8,0,8,0,8,1,7,0,8,0,8,0,8,0,8,2,6,1,7,0,8,0,8,0,8,3,5
ShellEntry::create_absolute_pidl,0,5,1,4,0,5,0,5,0,5,0,5,0,5,0,5,0,5,0,4,0,2,0,5,0,5,0,5,1,4,1,3
ShellEntry::do_context_menu,0,5,1,4,0,5,0,5,0,5,0,5,0,5,0,4,0,5,0,5,0,3,0,5,0,5,0,5,0,4,1,2
ShellEntry::GetUIObjectOf,1,3,2,3,0,4,0,4,0,5,0,5,0,4,0,5,0,5,1,4,0,2,0,5,0,5,1,3,0,4,0,3
ShellEntry::get_parent_folder,1,4,1,4,1,4,0,5,0,5,0,5,1,4,0,5,0,5,1,4,2,2,0,5,0,5,0,5,0,4,2,2
ShellEntry::get_path,1,4,1,4,0,5,0,5,0,5,0,5,0,4,0,5,0,5,1,4,2,1,0,4,0,5,0,5,0,4,0,3
ShellEntry::get_shell_folder,0,4,0,4,0,4,0,5,0,5,0,5,0,4,0,5,0,5,0,4,2,2,0,5,0,5,0,5,0,5,1,2
ShellEntry::launch_entry,0,5,0,5,0,5,0,5,0,5,0,5,0,5,0,5,0,5,0,5,0,2,2,2,0,5,0,5,0,4,0,4
ShellEntry::ShellEntry,0,3,0,3,0,4,0,4,0,4,0,4,0,4,0,4,0,4,1,3,1,2,1,3,0,4,0,4,0,3,1,2
ShellFolder::attach,1,5,0,6,0,6,0,6,0,6,0,6,0,6,0,6,0,6,1,5,1,4,0,6,0,6,0,6,0,6,3,3
ShellFolder::get_name,2,4,1,5,1,5,0,6,1,5,0,5,1,5,0,6,0,6,2,4,1,4,0,6,0,6,0,6,0,6,3,3
ShellFolder::ShellFolder,2,5,1,6,1,6,0,7,1,6,0,6,2,5,0,7,0,7,2,5,2,4,0,7,0,7,0,7,0,7,3,4
ShellItemEnumerator::ShellItemEnumerator,1,1,0,1,0,2,0,2,0,2,0,1,1,1,0,2,0,2,1,1,1,1,0,2,0,2,0,1,0,2,1,1
ShellLinkPtr::ShellLinkPtr,0,1,0,1,0,1,0,1,0,1,0,1,0,1,0,1,0,1,0,1,0,1,0,1,0,1,0,1,0,1,0,1
ShellMalloc::operator->,0,2,0,2,0,2,0,2,0,2,0,2,0,2,0,2,0,2,0,2,0,2,0,2,0,2,0,2,0,2,2,0
ShellMalloc::ShellMalloc,0,2,0,2,0,2,0,2,0,2,0,2,0,2,0,2,0,2,0,2,0,2,0,2,0,2,0,2,0,2,2,0
ShellPath::assign,0,3,0,3,0,3,0,3,0,3,0,3,0,3,0,3,0,3,0,3,0,2,0,3,0,3,0,3,0,3,3,0
ShellPath::create_absolute_pidl,0,3,0,3,0,3,0,3,0,3,0,3,0,3,0,3,0,3,0,3,0,2,0,3,0,3,0,3,0,3,3,0
ShellPath::GetUIObjectOf,0,3,0,3,0,3,0,3,0,3,0,3,0,3,0,3,0,3,0,3,0,2,0,3,0,3,0,3,0,3,3,0
ShellPath::get_folder,0,3,0,3,0,3,0,3,0,3,0,3,0,3,0,3,0,3,0,3,0,2,0,3,0,3,0,3,0,3,3,0
ShellPath::operator+=,0,3,0,3,0,3,0,3,0,3,0,3,0,3,0,3,0,3,0,3,0,2,0,3,0,3,0,3,0,3,3,0
ShellPath::operator=,0,3,0,3,0,3,0,3,0,3,0,3,0,3,0,3,0,3,0,3,0,2,0,3,0,3,0,3,0,3,3,0
ShellPath::ShellPath,0,4,0,4,0,4,0,4,0,4,0,4,0,4,0,4,0,4,0,4,0,2,0,4,0,4,0,4,0,4,3,1
ShellPath::split,0,3,0,3,0,3,0,3,0,3,0,3,0,3,0,3,0,3,0,3,0,2,0,3,0,3,0,3,0,3,3,0
ShellPathInfo::ShellPathInfo,0,1,0,1,0,1,0,1,0,1,0,0,0,1,0,1,0,1,0,1,0,0,0,0,0,1,0,1,0,1,0,0
SIfacePtr::CreateInstance,0,4,0,5,0,5,0,5,0,5,0,5,0,4,0,5,0,5,0,4,0,5,0,5,0,4,0,5,0,5,3,1
SIfacePtr::empty,0,4,0,5,0,5,0,5,0,5,0,5,0,4,0,5,0,5,0,4,0,5,0,5,0,5,0,5,0,5,3,1
SIfacePtr::Free,0,4,0,5,0,5,0,5,0,5,0,5,0,4,0,5,0,5,0,5,0,5,0,5,0,5,0,5,0,5,3,1
SIfacePtr::get,0,4,0,5,0,5,0,5,0,5,0,5,0,4,0,5,0,5,0,4,0,5,0,5,0,5,0,5,0,5,3,1
SIfacePtr::operator,0,4,0,5,0,5,0,5,0,5,0,5,0,4,0,5,0,5,0,5,0,5,0,5,0,5,0,5,0,5,3,1
SIfacePtr::operator T *,0,4,0,5,0,5,0,5,0,5,0,5,0,4,0,5,0,5,0,5,0,5,0,5,0,5,0,5,0,5,3,1
SIfacePtr::operator->,0,4,0,5,0,5,0,5,0,5,0,5,0,4,0,5,0,5,0,5,0,5,0,5,0,5,0,5,0,5,3,1
SIfacePtr::operator=,0,4,0,5,0,5,0,5,0,5,0,5,0,4,0,5,0,5,0,4,0,5,0,5,0,5,0,5,0,5,3,1
SIfacePtr::QueryInterface,0,4,0,5,0,5,0,5,0,5,0,5,0,4,0,5,0,5,0,4,0,5,0,5,0,5,0,5,0,5,3,1
SIfacePtr::SIfacePtr,0,4,0,5,0,5,0,5,0,5,0,5,0,4,0,5,0,5,0,5,0,5,0,5,0,5,0,5,0,5,3,1
SIfacePtr::~SIfacePtr,0,4,0,5,0,5,0,5,0,5,0,5,0,4,0,5,0,5,0,5,0,5,0,5,0,5,0,5,0,5,3,1
SimpleComObject::DecRef,0,0,0,0,0,0,0,0,0,0,0,0,0,0,0,0,0,0,0,0,0,0,0,0,0,0,0,0,0,0,0,0
SimpleComObject::IncRef,0,0,0,0,0,0,0,0,0,0,0,0,0,0,0,0,0,0,0,0,0,0,0,0,0,0,0,0,0,0,0,0
SmallIcon::operator HICON,2,1,2,0,0,3,0,2,0,2,1,2,0,2,0,2,0,3,1,2,0,2,1,2,0,2,2,1,0,3,0,3
SmallIcon::SmallIcon,2,3,2,2,0,5,0,4,0,4,1,4,1,3,0,4,0,5,1,4,0,4,1,4,0,4,2,3,0,5,1,4
SpecialFolder::SpecialFolder,0,4,0,3,0,3,0,4,0,4,0,4,0,4,0,4,0,4,1,2,1,3,0,4,0,4,0,4,0,4,1,3
SpecialFolderFSPath::operator LPCTSTR,0,2,0,2,0,2,0,2,0,2,0,2,0,2,0,2,0,2,0,2,1,1,0,2,0,2,0,2,0,2,0,2
SpecialFolderFSPath::SpecialFolderFSPath,0,3,0,3,0,3,0,3,0,3,0,3,0,3,0,3,0,3,0,3,2,1,0,3,0,3,0,3,0,3,0,3
SpecialFolderPath::SpecialFolderPath,0,2,0,2,0,2,0,2,0,2,0,2,0,2,0,2,0,2,0,2,2,0,0,2,0,2,0,2,0,2,0,2
SShellPtr::Free,0,2,0,2,0,2,0,2,0,2,0,2,0,2,0,2,0,2,0,2,0,2,0,2,0,2,0,2,0,2,0,1
SShellPtr::operator T const *,0,2,0,2,0,2,0,2,0,2,0,2,0,2,0,2,0,2,0,2,0,2,0,2,0,2,0,2,0,2,0,1
SShellPtr::operator*,0,2,0,2,0,2,0,2,0,2,0,2,0,2,0,2,0,2,0,2,0,2,0,2,0,2,0,2,0,2,0,1
SShellPtr::operator->,0,2,0,2,0,2,0,2,0,2,0,2,0,2,0,2,0,2,0,2,0,2,0,2,0,2,0,2,0,2,0,1
SShellPtr::operator=,0,2,0,2,0,2,0,2,0,2,0,2,0,2,0,2,0,2,0,2,0,2,0,2,0,2,0,2,0,2,0,1
SShellPtr::SShellPtr,0,2,0,2,0,2,0,2,0,2,0,2,0,2,0,2,0,2,0,2,0,2,0,2,0,2,0,2,0,2,0,1
SShellPtr::~SShellPtr,0,2,0,2,0,2,0,2,0,2,0,2,0,2,0,2,0,2,0,2,0,2,0,2,0,2,0,2,0,2,0,1
SSOThread::Run,0,5,0,5,1,4,0,5,0,5,0,4,0,5,0,5,0,5,0,5,0,5,0,4,0,5,0,5,0,5,4,1
StartButton::StartButton,1,1,0,2,0,2,0,2,0,2,0,2,0,2,0,2,0,2,0,2,0,2,0,2,0,2,0,2,0,2,0,2
StartButton::WndProc,1,0,0,1,0,1,0,1,0,1,0,1,0,1,0,1,0,1,0,1,0,1,0,1,0,1,0,1,0,1,0,1
StartMenu::ActivateEntry,5,0,0,6,0,6,0,6,0,6,0,6,0,6,0,6,0,6,0,5,0,6,0,6,0,6,0,6,0,6,0,6
StartMenu::AddButton,5,0,0,5,0,6,0,6,0,6,0,6,0,6,0,6,0,6,0,5,0,6,0,6,0,5,0,6,0,6,0,6
StartMenu::AddEntries,5,0,0,6,0,6,0,6,0,6,0,6,0,6,0,6,0,6,0,5,0,6,0,6,0,5,0,6,0,6,0,6
StartMenu::AddEntry,4,1,0,6,0,6,0,6,0,6,0,6,0,6,0,6,0,6,0,5,0,6,0,6,0,5,0,6,0,6,1,5
StartMenu::AddSeparator,5,0,0,6,0,6,0,6,0,6,0,6,0,6,0,6,0,6,0,5,0,6,0,6,0,5,0,6,0,6,0,6
StartMenu::AddShellEntries,5,0,0,6,0,6,0,6,0,6,0,6,0,6,0,6,0,6,0,5,0,6,0,6,0,5,0,6,0,6,0,6
StartMenu::CloseOtherSubmenus,5,0,0,6,0,6,0,6,0,6,0,6,0,6,0,6,0,6,0,5,0,6,0,6,0,6,0,6,0,6,0,6
StartMenu::CloseStartMenu,6,1,1,6,1,6,1,6,0,7,0,7,0,7,0,7,0,7,1,5,0,7,0,7,1,6,0,7,0,7,0,7
StartMenu::CloseSubmenus,5,0,0,7,0,7,0,7,0,7,0,7,0,7,0,7,0,7,0,6,0,7,0,7,0,7,0,7,0,7,0,7
StartMenu::Command,5,0,0,7,0,6,1,6,0,7,0,6,0,7,1,6,0,7,1,6,0,7,1,6,1,6,0,7,0,7,0,6
StartMenu::Create,7,0,0,8,1,7,1,7,0,8,0,7,0,8,1,7,0,8,1,7,0,8,1,7,1,7,0,8,0,8,0,8
StartMenu::CreateSubmenu,5,0,0,6,0,6,0,6,0,6,0,6,0,6,0,6,0,6,0,5,0,6,0,6,0,5,0,6,0,6,0,6
StartMenu::DrawArrows,6,0,0,7,0,7,0,7,0,7,0,7,0,7,0,7,0,7,0,7,0,7,0,7,0,7,0,7,0,7,0,7
StartMenu::DrawFloatingButton,6,0,0,6,0,6,0,6,0,6,0,6,0,6,0,6,0,6,0,6,0,6,0,6,0,6,0,6,0,6,0,5
StartMenu::GetArrowButtonRects,6,0,0,6,0,6,0,6,0,6,0,6,0,6,0,6,0,6,0,6,0,6,0,6,0,6,0,6,0,6,0,5
StartMenu::GetButtonRect,7,0,0,6,0,7,0,7,0,7,0,7,0,7,0,7,0,7,0,7,0,7,0,7,0,7,0,7,0,7,0,6
StartMenu::GetFloatingButtonRect,6,0,0,6,0,6,0,6,0,6,0,6,0,6,0,6,0,6,0,6,0,6,0,6,0,6,0,6,0,6,0,5
StartMenu::GetWndClasss,5,0,0,6,0,6,0,6,0,6,0,6,0,6,0,6,0,6,0,6,0,6,0,6,0,6,0,6,0,6,1,5
StartMenu::Init,8,0,0,8,1,7,1,7,0,8,0,7,0,8,1,7,0,8,1,6,0,8,1,7,1,7,0,8,0,8,0,8
StartMenu::Paint,8,0,0,8,1,7,1,7,0,8,0,8,0,8,1,7,0,8,1,7,0,8,0,8,0,8,0,8,0,8,0,8
StartMenu::ResizeButtons,4,0,0,7,0,6,1,6,0,7,0,6,0,7,1,6,0,7,1,6,0,7,1,6,1,6,0,7,0,7,0,6
StartMenu::StartMenu,9,0,0,9,1,8,1,8,0,9,0,8,0,9,1,8,0,9,1,7,0,9,1,8,1,8,0,9,0,9,0,9
StartMenu::UpdateIcons,6,0,0,7,0,7,0,7,0,7,0,7,0,7,0,7,0,7,0,7,0,7,0,7,0,7,0,7,0,7,0,7
StartMenu::WndProc,7,0,0,7,0,6,1,6,0,7,0,5,0,7,1,6,0,7,1,6,0,7,1,5,1,6,0,7,0,7,0,7
StartMenu::~StartMenu,6,0,0,7,1,6,1,6,0,7,0,6,0,7,1,6,0,7,1,5,0,7,1,6,1,6,0,7,0,7,0,7
StartMenuButton::DrawItem,1,0,0,2,0,2,0,2,0,2,0,2,0,2,0,2,0,2,0,2,0,2,0,2,0,2,0,2,0,2,0,2
StartMenuButton::StartMenuButton,4,0,0,4,0,4,0,4,0,4,0,4,0,4,0,4,0,4,0,4,0,4,0,4,1,3,0,4,0,4,0,4
StartMenuButton::WndProc,0,0,0,0,0,0,0,0,0,0,0,0,0,0,0,0,0,0,0,0,0,0,0,0,0,0,0,0,0,0,0,0
StartMenuCreateInfo::StartMenuCreateInfo,5,0,0,5,0,5,0,5,0,5,0,5,0,5,0,5,0,5,0,5,0,5,0,5,0,5,0,5,0,5,0,5
StartMenuCtrl::StartMenuCtrl,2,0,0,2,0,2,0,2,0,2,0,2,0,2,1,1,0,2,0,2,0,2,0,2,0,2,0,2,0,2,0,2
StartMenuDirectory::StartMenuDirectory,3,1,0,4,0,4,0,4,0,4,1,2,0,3,0,4,0,4,0,4,1,3,2,2,0,4,0,4,0,4,0,4
StartMenuDirectory::~StartMenuDirectory,3,1,0,4,0,4,0,4,0,4,1,3,0,4,0,4,0,4,0,4,1,3,2,2,0,4,0,4,0,4,0,4
StartMenuEntry::StartMenuEntry,1,0,0,2,0,2,0,2,0,2,0,2,0,2,0,2,0,2,0,2,0,2,0,2,0,2,0,2,0,2,0,2
StartMenuHandler::Command,1,0,0,3,0,3,0,3,0,3,0,2,0,3,0,3,0,2,0,3,0,3,0,1,0,3,0,3,0,3,0,1
StartMenuHandler::ShowLaunchDialog,3,1,0,5,0,5,0,5,0,5,0,5,0,5,0,5,0,5,0,5,0,5,3,2,0,5,0,5,0,5,0,5
StartMenuHandler::ShowLogoffDialog,2,0,0,3,0,3,0,3,0,3,0,3,0,3,0,3,0,3,0,3,0,3,0,3,0,3,0,3,1,2,0,2
StartMenuHandler::ShowRestartDialog,2,0,0,3,0,3,0,3,0,3,0,3,0,3,0,3,0,3,0,3,0,3,0,3,0,3,0,3,1,2,0,2
StartMenuHandler::ShowSearchComputer,2,0,0,3,0,3,0,3,0,3,1,2,0,3,0,3,0,3,0,3,0,3,0,3,0,3,0,3,0,3,0,3
StartMenuHandler::ShowSearchDialog,2,1,0,4,0,4,0,4,0,4,3,1,0,4,0,4,0,4,0,4,0,4,0,4,0,4,0,4,0,4,0,4
StartMenuHandler::StartMenuHandler,1,2,0,4,0,4,0,4,0,4,0,4,0,4,0,4,0,4,0,4,0,4,0,3,0,4,0,4,0,4,0,4
StartMenuRoot::AddEntries,3,0,0,5,0,5,0,5,0,5,0,5,0,5,0,4,0,5,0,4,0,5,0,5,0,5,1,4,1,4,1,4
StartMenuRoot::CloseStartMenu,4,0,1,4,0,5,0,5,0,5,0,5,0,5,0,5,0,5,0,4,0,5,0,5,0,5,0,5,0,5,1,4
StartMenuRoot::Create,5,1,1,4,0,6,0,6,0,6,0,6,0,6,0,6,0,6,0,5,0,5,0,6,0,6,1,5,1,5,0,4
StartMenuRoot::GetLogoResId,4,1,1,3,0,5,0,5,0,5,0,5,0,5,0,5,0,5,0,5,0,5,0,5,0,5,0,5,0,5,1,3
StartMenuRoot::Init,4,1,0,5,0,5,0,4,0,5,0,5,0,5,0,5,0,5,1,4,0,5,0,5,0,5,1,4,1,4,1,4
StartMenuRoot::Paint,3,1,0,4,0,5,0,5,0,5,0,5,0,5,0,5,0,4,0,4,0,5,0,5,0,5,0,5,0,5,2,2
StartMenuRoot::ProcessKey,5,0,0,5,0,5,0,5,0,5,0,5,0,5,0,4,0,5,0,5,0,5,0,5,0,4,0,4,1,4,1,3
StartMenuRoot::ReadLogoSize,4,1,1,2,0,5,0,4,0,5,0,5,0,4,0,5,0,5,0,5,0,5,0,5,0,5,1,4,1,4,0,4
StartMenuRoot::StartMenuRoot,8,0,0,6,0,7,0,8,0,8,1,7,1,7,0,8,0,8,0,8,1,7,1,7,0,8,0,8,0,7,0,6
StartMenuRoot::TrackStartmenu,5,1,0,6,0,6,0,6,0,6,0,6,0,6,0,6,0,6,0,6,0,6,0,6,0,6,0,6,2,4,1,5
StartMenuRoot::WndProc,3,0,1,4,0,4,0,5,0,5,0,5,0,5,0,5,0,4,1,4,0,5,0,5,0,5,1,4,0,4,1,3
StartMenuSeparator::StartMenuSeparator,1,0,0,1,0,1,0,1,0,1,0,1,0,1,0,1,0,1,0,1,0,1,0,1,0,1,0,1,0,1,0,1
StartmenuSettingsDlg::Command,1,0,0,2,0,2,0,2,0,2,0,1,0,2,1,1,0,2,0,2,0,2,0,2,0,1,0,2,0,2,0,2
StartmenuSettingsDlg::StartmenuSettingsDlg,0,0,0,1,0,1,0,1,0,1,0,1,0,1,1,0,0,1,0,1,0,1,0,1,0,1,0,1,0,1,0,1
Static::Static,1,1,0,2,0,2,0,2,0,2,0,2,0,2,0,2,0,2,0,2,0,2,0,2,0,2,0,2,0,2,1,1
StrRetA::GetString,0,1,0,1,0,1,0,1,0,1,0,1,0,1,0,1,0,1,0,1,0,1,0,1,0,1,0,1,0,1,0,1
StrRetA::~StrRetA,0,1,0,1,0,1,0,1,0,1,0,1,0,1,0,1,0,1,0,1,0,1,0,1,0,1,0,1,0,1,0,1
StrRetW::GetString,0,0,0,0,0,0,0,0,0,0,0,0,0,0,0,0,0,0,0,0,0,0,0,0,0,0,0,0,0,0,0,0
StrRetW::~StrRetW,0,0,0,0,0,0,0,0,0,0,0,0,0,0,0,0,0,0,0,0,0,0,0,0,0,0,0,0,0,0,0,0
SubclassedWindow::Command,0,5,0,5,0,5,0,5,0,5,0,5,0,5,0,5,0,5,0,5,0,5,0,5,0,5,0,5,0,5,3,1
SubclassedWindow::Notify,0,6,1,4,1,4,0,6,0,6,0,6,0,6,0,6,0,6,1,3,0,6,0,6,0,6,0,6,0,6,3,1
SubclassedWindow::SubclassedWindow,0,6,0,6,0,5,0,6,1,5,1,4,1,5,1,5,0,5,1,4,1,5,1,4,1,5,1,5,0,6,2,2
SubclassedWindow::SubclassedWndProc,0,6,0,6,0,6,0,5,0,6,0,6,0,6,0,6,0,5,0,5,0,6,0,5,0,6,0,6,0,6,2,2
SubclassedWindow::WndProc,1,5,0,5,1,4,0,6,0,6,0,6,2,3,0,6,0,5,1,3,0,6,0,5,0,5,0,5,0,6,3,1
SysCacheIcon::SysCacheIcon,0,1,0,1,0,1,0,1,0,1,0,1,0,1,0,1,0,1,0,1,0,1,0,1,0,1,0,1,0,1,1,0
TaskBar::ActivateApp,0,7,0,7,0,7,0,7,0,7,0,7,1,6,0,7,1,6,0,7,0,7,1,6,0,7,0,7,0,6,2,3
TaskBar::Command,0,9,0,9,0,9,0,9,0,9,0,9,1,8,0,9,0,9,0,8,0,9,1,7,0,8,1,8,0,9,4,4
TaskBar::Create,2,7,1,8,1,8,2,7,1,8,0,9,2,7,5,3,0,8,0,9,0,9,0,9,0,9,1,8,0,9,3,6
TaskBar::EnumWndProc,0,8,0,8,0,7,2,4,0,7,0,8,0,8,0,8,0,7,0,8,0,8,0,8,0,8,1,7,0,8,5,2
TaskBar::Init,1,8,0,9,0,9,2,7,0,9,0,9,1,8,3,6,0,9,0,9,0,9,0,9,0,9,0,9,0,9,4,5
TaskBar::Notify,2,7,0,9,0,8,3,5,0,9,0,9,0,9,1,8,1,8,0,9,0,9,0,9,0,8,1,8,0,9,4,5
TaskBar::Refresh,2,8,0,10,0,10,7,2,2,8,0,10,1,9,0,8,0,10,0,10,0,10,0,10,0,10,2,8,0,10,3,7
TaskBar::ResizeButtons,0,10,0,10,0,10,7,2,0,10,0,10,0,10,0,9,0,9,0,10,0,10,0,10,0,10,1,9,0,10,2,8
TaskBar::ShowAppSystemMenu,5,2,0,8,0,8,0,8,1,7,0,8,0,8,0,8,0,7,0,8,0,8,0,8,0,8,0,8,0,8,1,7
TaskBar::TaskBar,2,8,1,10,1,10,4,7,1,11,0,12,0,12,6,4,1,11,0,12,0,12,0,12,0,12,0,12,0,12,3,9
TaskBar::WndProc,1,8,0,9,0,9,4,4,0,9,0,9,0,9,5,4,0,9,0,9,0,9,0,9,0,8,1,8,1,8,3,6
TaskBar::~TaskBar,1,7,0,8,0,8,0,8,0,8,0,8,0,8,2,6,0,8,0,8,0,8,0,8,0,8,0,8,0,8,4,3
TaskBarEntry::TaskBarEntry,0,6,0,6,0,6,1,4,0,6,0,6,0,6,4,2,0,6,0,6,0,6,0,6,0,6,1,5,0,6,1,5
TaskBarMap::find_id,0,0,0,0,0,0,0,0,0,0,0,0,0,0,0,0,0,0,0,0,0,0,0,0,0,0,0,0,0,0,0,0
TaskBarMap::~TaskBarMap,0,1,0,1,0,1,0,1,0,1,0,1,0,1,1,0,0,1,0,1,0,1,0,1,0,1,0,1,0,1,0,1
TaskbarSettingsDlg::Command,0,2,0,2,0,2,2,0,0,2,0,2,0,2,1,1,0,2,0,2,0,2,0,2,0,2,1,1,0,2,0,2
TaskbarSettingsDlg::Notify,0,0,0,0,0,0,0,0,0,0,0,0,0,0,0,0,0,0,0,0,0,0,0,0,0,0,0,0,0,0,0,0
TaskbarSettingsDlg::TaskbarSettingsDlg,0,2,0,2,0,2,0,2,0,2,0,2,0,2,2,0,0,2,0,2,0,2,0,2,0,2,0,2,0,2,0,2
ToolTip::activate,2,4,2,4,1,5,1,5,2,4,1,5,2,4,2,4,1,5,1,5,1,5,1,5,1,5,1,5,1,5,3,3
ToolTip::add,2,4,2,4,1,5,1,5,3,3,1,5,2,4,2,4,1,5,1,5,1,5,1,5,1,5,1,5,1,5,3,3
ToolTip::remove,2,4,2,4,1,5,1,5,2,4,1,5,1,4,2,4,1,5,1,5,1,5,1,5,1,5,1,5,1,5,3,3
ToolTip::ToolTip,2,4,2,4,1,5,1,5,2,4,1,5,2,4,2,4,1,5,1,5,1,5,1,5,1,5,1,5,1,5,3,3
TrayIcon::Add,0,4,0,4,0,4,0,4,0,4,0,4,0,4,0,4,0,4,0,4,0,4,0,4,0,4,4,0,0,4,0,4
TrayIcon::Modify,0,3,0,3,0,3,0,3,0,3,0,3,0,3,0,3,0,3,0,3,0,3,0,3,0,3,3,0,0,3,0,3
TrayIcon::Remove,0,4,0,4,0,4,0,4,0,4,0,4,0,4,0,4,0,4,0,4,0,4,0,4,0,4,4,0,0,4,0,4
TrayIcon::Set,0,4,0,4,0,4,0,4,0,4,0,4,0,4,0,4,0,4,0,4,0,4,0,4,0,4,4,0,0,4,0,4
TrayIcon::TrayIcon,0,3,0,3,0,3,0,3,0,3,0,3,0,3,0,3,0,3,0,3,0,3,0,3,0,3,2,1,0,3,2,1
TrayIcon::~TrayIcon,0,3,0,3,0,3,0,3,0,3,0,3,0,3,0,3,0,3,0,3,0,3,0,3,0,3,2,1,0,3,2,1
TrayIconControllerTemplate::AddTrayIcons,0,1,0,1,0,1,0,1,0,1,0,1,0,1,0,1,0,1,0,1,0,1,0,1,0,1,1,0,0,1,0,1
TrayIconControllerTemplate::TrayClick,0,0,0,0,0,0,0,0,0,0,0,0,0,0,0,0,0,0,0,0,0,0,0,0,0,0,0,0,0,0,0,0
TrayIconControllerTemplate::TrayDblClick,0,0,0,0,0,0,0,0,0,0,0,0,0,0,0,0,0,0,0,0,0,0,0,0,0,0,0,0,0,0,0,0
TrayIconControllerTemplate::TrayIconControllerTemplate,0,0,0,0,0,0,0,0,0,0,0,0,0,0,0,0,0,0,0,0,0,0,0,0,0,0,0,0,0,0,0,0
TrayIconControllerTemplate::TrayMouseOver,0,0,0,0,0,0,0,0,0,0,0,0,0,0,0,0,0,0,0,0,0,0,0,0,0,0,0,0,0,0,0,0
TrayIconControllerTemplate::WndProc,0,0,0,0,0,0,0,0,0,0,0,0,0,0,0,0,0,0,0,0,0,0,0,0,0,0,0,0,0,0,0,0
TrayNotifyDlg::Command,0,3,0,3,0,3,0,3,0,3,0,3,0,3,0,3,0,3,0,3,0,3,0,3,0,3,2,1,0,3,1,2
TrayNotifyDlg::InsertItem,0,3,0,3,0,3,0,3,0,3,0,3,0,3,0,3,0,3,0,3,0,3,0,3,0,3,2,1,0,3,1,2
TrayNotifyDlg::Notify,0,3,0,3,0,3,0,3,0,3,0,3,0,3,0,3,0,3,0,3,0,3,0,3,0,3,2,1,0,3,1,2
TrayNotifyDlg::Refresh,0,3,0,3,0,3,0,3,0,3,0,3,0,3,0,3,0,3,0,3,0,3,0,3,0,3,2,1,0,3,0,3
TrayNotifyDlg::RefreshProperties,0,3,0,3,0,3,0,3,0,3,0,3,0,3,0,2,0,3,0,3,0,3,0,3,0,3,2,1,0,3,1,2
TrayNotifyDlg::SetIconMode,0,3,0,3,0,3,0,3,0,3,0,3,0,3,0,3,0,3,0,3,0,3,0,3,0,3,2,1,0,3,1,2
TrayNotifyDlg::TrayNotifyDlg,0,2,0,2,0,2,0,2,0,2,0,2,0,2,0,2,0,2,0,2,0,2,0,2,0,2,1,1,0,2,1,1
TrayNotifyDlg::WndProc,0,3,0,3,0,3,0,3,0,2,0,3,0,3,0,3,0,3,0,3,0,3,0,3,0,3,1,1,0,3,1,2
TrayNotifyDlg::~TrayNotifyDlg,0,3,0,3,0,3,0,3,0,3,0,3,0,3,0,3,0,3,0,3,0,3,0,3,0,3,2,1,0,3,1,2
TypeCheck::dyn_cast,0,2,0,2,0,2,0,2,0,2,0,2,0,2,0,2,0,2,0,1,0,2,0,2,0,2,0,2,0,2,1,1
UnicodeString::operator LPCWSTR,0,3,0,3,0,3,0,3,0,3,0,3,0,3,0,3,0,3,0,3,0,3,0,3,0,3,0,3,0,3,2,1
UnicodeString::UnicodeString,0,3,0,3,0,3,0,3,0,3,0,3,0,3,0,3,0,3,0,3,0,3,0,3,0,3,0,3,0,3,3,0
WebChildWindow::BeforeNavigate2,0,0,0,0,0,0,0,0,0,0,0,0,0,0,0,0,0,0,0,0,0,0,0,0,0,0,0,0,0,0,0,0
WebChildWindow::ClientToHostWindow,0,0,0,0,0,0,0,0,0,0,0,0,0,0,0,0,0,0,0,0,0,0,0,0,0,0,0,0,0,0,0,0
WebChildWindow::CommandStateChange,0,0,0,0,0,0,0,0,0,0,0,0,0,0,0,0,0,0,0,0,0,0,0,0,0,0,0,0,0,0,0,0
WebChildWindow::create,0,0,0,0,0,0,0,0,0,0,0,0,0,0,0,0,0,0,0,0,0,0,0,0,0,0,0,0,0,0,0,0
WebChildWindow::DocumentComplete,0,0,0,0,0,0,0,0,0,0,0,0,0,0,0,0,0,0,0,0,0,0,0,0,0,0,0,0,0,0,0,0
WebChildWindow::DownloadBegin,0,0,0,0,0,0,0,0,0,0,0,0,0,0,0,0,0,0,0,0,0,0,0,0,0,0,0,0,0,0,0,0
WebChildWindow::FileDownload,0,0,0,0,0,0,0,0,0,0,0,0,0,0,0,0,0,0,0,0,0,0,0,0,0,0,0,0,0,0,0,0
WebChildWindow::FrameBeforeNavigate,0,0,0,0,0,0,0,0,0,0,0,0,0,0,0,0,0,0,0,0,0,0,0,0,0,0,0,0,0,0,0,0
WebChildWindow::FrameNavigateComplete,0,0,0,0,0,0,0,0,0,0,0,0,0,0,0,0,0,0,0,0,0,0,0,0,0,0,0,0,0,0,0,0
WebChildWindow::FrameNewWindow,0,0,0,0,0,0,0,0,0,0,0,0,0,0,0,0,0,0,0,0,0,0,0,0,0,0,0,0,0,0,0,0
WebChildWindow::jump_to_int,0,0,0,0,0,0,0,0,0,0,0,0,0,0,0,0,0,0,0,0,0,0,0,0,0,0,0,0,0,0,0,0
WebChildWindow::NavigateComplete2,0,0,0,0,0,0,0,0,0,0,0,0,0,0,0,0,0,0,0,0,0,0,0,0,0,0,0,0,0,0,0,0
WebChildWindow::NavigateError,0,0,0,0,0,0,0,0,0,0,0,0,0,0,0,0,0,0,0,0,0,0,0,0,0,0,0,0,0,0,0,0
WebChildWindow::NewWindow2,0,0,0,0,0,0,0,0,0,0,0,0,0,0,0,0,0,0,0,0,0,0,0,0,0,0,0,0,0,0,0,0
WebChildWindow::OnAddressbar,0,0,0,0,0,0,0,0,0,0,0,0,0,0,0,0,0,0,0,0,0,0,0,0,0,0,0,0,0,0,0,0
WebChildWindow::OnFullscreen,0,0,0,0,0,0,0,0,0,0,0,0,0,0,0,0,0,0,0,0,0,0,0,0,0,0,0,0,0,0,0,0
WebChildWindow::OnMenubar,0,0,0,0,0,0,0,0,0,0,0,0,0,0,0,0,0,0,0,0,0,0,0,0,0,0,0,0,0,0,0,0
WebChildWindow::OnQuit,0,0,0,0,0,0,0,0,0,0,0,0,0,0,0,0,0,0,0,0,0,0,0,0,0,0,0,0,0,0,0,0
WebChildWindow::OnStatusbar,0,0,0,0,0,0,0,0,0,0,0,0,0,0,0,0,0,0,0,0,0,0,0,0,0,0,0,0,0,0,0,0
WebChildWindow::OnTheatermode,0,0,0,0,0,0,0,0,0,0,0,0,0,0,0,0,0,0,0,0,0,0,0,0,0,0,0,0,0,0,0,0
WebChildWindow::OnToolbar,0,0,0,0,0,0,0,0,0,0,0,0,0,0,0,0,0,0,0,0,0,0,0,0,0,0,0,0,0,0,0,0
WebChildWindow::OnVisible,0,0,0,0,0,0,0,0,0,0,0,0,0,0,0,0,0,0,0,0,0,0,0,0,0,0,0,0,0,0,0,0
WebChildWindow::PrivacyImpactedStateChange,0,0,0,0,0,0,0,0,0,0,0,0,0,0,0,0,0,0,0,0,0,0,0,0,0,0,0,0,0,0,0,0
WebChildWindow::ProgressChange,0,0,0,0,0,0,0,0,0,0,0,0,0,0,0,0,0,0,0,0,0,0,0,0,0,0,0,0,0,0,0,0
WebChildWindow::PropertyChange,0,0,0,0,0,0,0,0,0,0,0,0,0,0,0,0,0,0,0,0,0,0,0,0,0,0,0,0,0,0,0,0
WebChildWindow::SetSecureLockIcon,0,0,0,0,0,0,0,0,0,0,0,0,0,0,0,0,0,0,0,0,0,0,0,0,0,0,0,0,0,0,0,0
WebChildWindow::StatusTextChange,0,0,0,0,0,0,0,0,0,0,0,0,0,0,0,0,0,0,0,0,0,0,0,0,0,0,0,0,0,0,0,0
WebChildWindow::TitleChange,0,1,0,1,0,1,0,0,0,1,0,1,0,1,0,1,0,1,0,1,0,1,0,1,0,1,0,1,0,1,0,1
WebChildWindow::TitleIconChange,0,1,0,0,0,1,0,1,0,1,0,1,0,1,0,1,0,1,0,1,0,1,0,1,0,1,0,1,0,1,0,1
WebChildWindow::WebChildWindow,0,1,0,1,0,1,0,1,0,1,0,1,0,1,0,1,0,1,0,1,0,1,0,1,0,1,0,1,0,1,0,0
WebChildWindow::WindowActivate,0,0,0,0,0,0,0,0,0,0,0,0,0,0,0,0,0,0,0,0,0,0,0,0,0,0,0,0,0,0,0,0
WebChildWindow::WindowClosing,0,0,0,0,0,0,0,0,0,0,0,0,0,0,0,0,0,0,0,0,0,0,0,0,0,0,0,0,0,0,0,0
WebChildWindow::WindowMove,0,0,0,0,0,0,0,0,0,0,0,0,0,0,0,0,0,0,0,0,0,0,0,0,0,0,0,0,0,0,0,0
WebChildWindow::WindowResize,0,1,0,1,0,1,0,1,0,1,0,1,0,1,0,1,1,0,0,1,0,1,0,1,0,1,0,1,0,1,0,1
WebChildWindow::WindowSetHeight,0,0,0,0,0,0,0,0,0,0,0,0,0,0,0,0,0,0,0,0,0,0,0,0,0,0,0,0,0,0,0,0
WebChildWindow::WindowSetLeft,0,0,0,0,0,0,0,0,0,0,0,0,0,0,0,0,0,0,0,0,0,0,0,0,0,0,0,0,0,0,0,0
WebChildWindow::WindowSetResizable,0,0,0,0,0,0,0,0,0,0,0,0,0,0,0,0,0,0,0,0,0,0,0,0,0,0,0,0,0,0,0,0
WebChildWindow::WindowSetTop,0,0,0,0,0,0,0,0,0,0,0,0,0,0,0,0,0,0,0,0,0,0,0,0,0,0,0,0,0,0,0,0
WebChildWindow::WindowSetWidth,0,0,0,0,0,0,0,0,0,0,0,0,0,0,0,0,0,0,0,0,0,0,0,0,0,0,0,0,0,0,0,0
WebChildWindow::WndProc,0,1,0,1,0,1,0,1,0,1,0,1,0,1,0,1,0,1,0,1,0,1,0,1,0,1,0,1,0,1,0,0
WebChildWndInfo::WebChildWndInfo,0,0,0,0,0,0,0,0,0,0,0,0,0,0,0,0,0,0,0,0,0,0,0,0,0,0,0,0,0,0,0,0
WinDirectory::find_entry,0,6,0,7,0,7,0,8,0,7,5,1,0,8,0,8,0,8,0,6,6,1,1,5,0,8,0,8,0,5,0,6
WinDirectory::get_next_path_component,0,6,0,6,0,7,0,7,0,6,3,3,0,6,0,7,0,7,0,6,4,2,1,4,0,7,0,7,0,4,3,2
WinDirectory::read_directory,0,6,0,7,0,8,0,7,0,7,3,4,1,7,0,8,0,8,1,5,8,0,2,5,0,8,0,8,1,5,1,7
WinDirectory::WinDirectory,0,7,0,7,0,7,0,7,0,7,3,3,2,5,1,6,1,6,1,6,6,2,1,4,1,6,1,6,1,2,1,4
WinDirectory::~WinDirectory,0,4,0,5,0,6,0,6,1,4,2,3,0,5,0,5,0,6,1,4,4,2,1,4,0,6,0,6,1,2,3,4
Window::CancelModes,0,1,0,1,0,0,0,1,0,1,0,1,0,1,0,1,0,0,0,0,0,1,0,1,0,1,0,1,0,1,1,0
Window::Command,0,1,0,1,0,1,0,1,0,1,0,1,0,1,0,1,0,1,0,1,0,1,0,1,0,1,0,1,0,1,0,1
Window::Create,0,2,0,2,0,1,0,1,0,1,0,1,0,1,0,1,0,2,0,2,0,2,0,2,0,2,0,2,0,2,1,1
Window::create_controller,0,2,0,2,0,1,0,2,0,2,0,2,0,2,0,2,0,1,0,1,0,2,0,2,0,1,0,2,0,2,2,0
Window::create_mdi_child,0,1,0,1,0,1,0,1,0,1,0,1,0,1,0,1,0,1,0,1,0,1,0,1,0,1,0,1,0,1,1,0
Window::DialogProc,0,2,0,2,0,2,0,2,0,2,0,1,0,2,0,2,0,2,0,2,0,2,0,0,0,2,0,2,0,2,1,1
Window::dispatch_dialog_msg,0,0,0,2,0,2,0,2,0,2,0,1,0,2,0,2,0,2,0,2,0,2,1,1,0,2,0,2,0,2,0,1
Window::GetStaticWindowData,0,1,0,1,0,1,0,1,0,1,0,1,0,1,0,1,0,1,0,1,0,1,0,1,0,1,0,1,0,1,1,0
Window::get_window,0,1,0,1,0,1,0,2,0,2,0,2,0,2,0,2,0,1,0,1,0,2,0,2,0,2,0,2,0,2,1,1
Window::Init,0,2,0,1,0,1,0,1,0,1,0,1,0,1,0,1,0,1,0,1,0,2,0,2,0,2,0,2,0,2,0,2
Window::MDICBTHookProc,0,1,0,1,0,0,0,1,0,1,0,1,0,1,0,1,0,0,0,0,0,1,0,1,0,0,0,1,0,1,1,0
Window::MessageLoop,0,1,0,1,0,0,0,1,0,1,0,1,0,1,0,1,0,0,0,0,0,1,0,1,0,1,0,1,0,1,1,0
Window::Notify,0,2,0,2,0,2,0,2,0,2,0,2,0,2,0,1,0,2,0,2,0,2,0,2,0,2,0,2,0,2,0,2
Window::PostParent,0,1,0,1,0,1,0,1,0,1,0,1,0,1,0,1,0,1,0,1,0,1,0,1,0,0,0,1,0,1,1,0
Window::pretranslate_msg,0,1,0,1,0,1,0,1,0,1,0,1,0,1,0,1,0,1,0,1,0,1,0,1,0,1,0,1,0,1,1,0
Window::PropSheetCBTHookProc,0,1,0,1,0,0,0,1,0,1,0,1,0,1,0,1,0,0,0,0,0,1,0,1,0,0,0,1,0,1,1,0
Window::register_dialog,0,0,0,1,0,1,0,1,0,1,0,0,0,1,0,1,0,1,0,1,0,1,1,0,0,1,0,1,0,1,1,0
Window::register_pretranslate,0,1,0,1,0,1,0,1,0,1,0,1,0,1,0,1,0,1,0,1,0,1,0,1,0,1,0,1,0,1,1,0
Window::SendParent,0,1,0,2,0,2,0,2,0,2,0,2,0,2,0,2,0,2,0,2,0,2,0,2,0,1,0,2,0,2,1,1
Window::unregister_dialog,0,0,0,1,0,1,0,1,0,1,0,0,0,1,0,1,0,1,0,1,0,1,1,0,0,1,0,1,0,1,1,0
Window::unregister_pretranslate,0,2,0,2,0,2,0,2,0,2,0,1,0,2,0,2,0,2,0,2,0,2,0,2,0,2,0,2,0,2,1,1
Window::Window,0,3,0,3,0,3,0,3,0,2,0,3,0,3,0,2,1,1,1,1,0,3,0,3,1,2,0,3,0,3,1,2
Window::WindowWndProc,0,1,0,1,0,0,0,1,0,1,0,1,0,1,0,1,0,0,0,0,0,1,0,1,0,0,0,1,0,1,1,0
Window::WndProc,0,2,0,2,0,2,0,2,1,1,0,2,0,2,1,1,0,2,0,2,0,2,0,2,0,2,0,2,0,2,1,1
Window::~Window,0,1,0,1,0,1,0,1,0,1,0,1,0,1,0,1,0,1,0,1,0,1,0,1,0,1,0,1,0,1,1,0
WindowClass::operator ATOM,1,7,0,8,0,8,0,8,0,8,0,8,0,8,0,8,0,8,0,8,0,8,0,8,0,8,0,8,0,8,4,1
WindowClass::operator LPCTSTR,1,7,0,8,0,8,0,8,0,8,0,8,0,8,0,8,0,8,0,8,0,8,0,8,0,8,0,8,0,8,4,2
WindowClass::Register,1,7,0,7,0,6,0,8,0,8,0,8,0,8,0,8,0,8,0,6,0,8,0,8,0,8,0,7,0,8,5,3
WindowClass::WindowClass,2,5,1,5,1,6,1,7,1,6,0,7,0,8,1,7,0,6,1,5,0,7,0,7,0,8,0,7,0,8,5,2
WindowCreator::window_creator,0,4,0,4,0,4,0,4,1,3,1,3,0,3,1,3,0,4,0,4,0,4,0,4,0,4,0,4,0,4,1,3
WindowCreatorInfo::window_creator,1,1,0,2,0,2,0,2,0,2,0,1,0,1,0,1,0,2,0,2,1,1,0,1,0,2,0,2,0,2,0,2
WinEntry::create_absolute_pidl,0,3,0,3,0,3,0,3,0,3,0,3,0,3,0,3,0,3,0,3,1,2,0,3,0,3,0,3,0,3,2,1
WinEntry::get_path,0,3,0,3,0,3,0,3,0,3,1,2,0,3,0,3,0,3,0,3,1,2,0,3,0,3,0,3,0,3,2,1
WinEntry::WinEntry,0,2,0,2,0,2,0,2,0,2,0,2,0,2,0,2,0,2,0,2,1,1,0,2,0,2,0,2,0,2,1,1
